ALTER TABLE GZ_SYS_DICT_TYPE
	DROP CONSTRAINT DICT_TYPE
GO
DROP TABLE GZ_SYS_USER_ROLE
GO
DROP TABLE GZ_SYS_USER_POST
GO
DROP TABLE GZ_SYS_USER_EXTEND
GO
DROP TABLE GZ_SYS_ROLE_MENU
GO
DROP TABLE GZ_SYS_ROLE_DEPT
GO
DROP TABLE GZ_SYS_ROLE
GO
DROP TABLE GZ_SYS_POST
GO
DROP TABLE GZ_SYS_MENU
GO
DROP TABLE GZ_SYS_DICT_TYPE
GO
DROP TABLE GZ_SYS_DICT_DATA
GO
DROP TABLE GZ_SYS_CONFIG
GO
DROP TABLE GZ_SPECIAL_CONTRACT
GO
DROP TABLE GZ_PROJECT_CONTRACT
GO
DROP TABLE GZ_FLOW_PROCESS
GO
DROP TABLE GZ_CONTRACT_PRODUCT
GO
DROP TABLE GZ_CONTRACT_FILE
GO

CREATE TABLE GZ_CONTRACT_FILE  ( 
	ID                	varchar(32) NOT NULL,
	CONTRACT_ID       	varchar(32) NOT NULL,
	FILE_NAME         	varchar(200) NOT NULL,
	ORIGINAL_FILE_NAME	varchar(200) NOT NULL,
	CONSTRAINT PK_GZ_CONTRACT_PRODUCT PRIMARY KEY CLUSTERED(ID)
)
GO
CREATE TABLE GZ_CONTRACT_PRODUCT  ( 
	ID                  	varchar(32) NOT NULL,
	CONTRACT_ID         	varchar(32) NOT NULL,
	PRODUCT_ID          	varchar(50) NOT NULL,
	PRODUCT_NAME        	varchar(200) NOT NULL,
	APPLY_QUANTITY      	numeric(18,2) NULL,
	CONTRACT_PRICE      	numeric(18,2) NULL,
	AGENCY_APPLY_PRICE  	numeric(18,2) NULL,
	AGENCY_APPROVE_PRICE	numeric(18,2) NULL,
	DISTRIBUTOR_PRICE   	numeric(18,2) NULL,
	BALANCE_TYPE        	int NULL,
	CONSTRAINT PK_GZ_CONTRACT_PRODUCT PRIMARY KEY CLUSTERED(ID)
)
GO
CREATE TABLE GZ_FLOW_PROCESS  ( 
	UUID       	varchar(32) NOT NULL,
	INST_UUID  	varchar(32) NOT NULL,
	ACTIVITY   	varchar(32) NULL,
	USER_ID    	varchar(32) NULL,
	USER_NAME  	varchar(32) NULL,
	DEPT_ID    	varchar(32) NULL,
	DEPT_NAME  	varchar(100) NULL,
	CREATE_BY  	varchar(30) NULL,
	CREATE_TIME	datetime NULL,
	UPDATE_TIME	datetime NULL,
	OPINION    	varchar(255) NULL,
	STATUS     	char(1) NULL,
	CONSTRAINT PK_GZ_FLOW_PROCESS PRIMARY KEY CLUSTERED(UUID)
)
GO
CREATE TABLE GZ_PROJECT_CONTRACT  ( 
	CONTRACT_ID        	varchar(32) NOT NULL,
	CONTRACT_CODE      	varchar(64) NOT NULL,
	USE_UNIT_NAME      	varchar(200) NOT NULL,
	USE_UNIT_LINKMAN   	varchar(100) NULL,
	USE_UNIT_LINKTEL   	varchar(50) NULL,
	APPLY_DATE         	datetime NOT NULL,
	PROJECT_ADDRESS    	varchar(200) NULL,
	BRAND_TYPE         	char(1) NULL,
	DIRECT             	char(1) NULL,
	APPLY_ADJUST       	char(1) NULL,
	STOCK_UP           	char(1) NULL,
	STOCK_UP_MEMO      	varchar(200) NULL,
	AGENCY_ID          	varchar(50) NULL,
	AGENCY_NAME        	varchar(66) NULL,
	AGENCY_LINKMAN     	varchar(50) NULL,
	AGENCY_LINKTEL     	varchar(50) NULL,
	DISTRIBUTOR_ID     	varchar(50) NULL,
	DISTRIBUTOR_NAME   	varchar(66) NULL,
	DISTRIBUTOR_LINKMAN	varchar(50) NULL,
	DISTRIBUTOR_LINKTEL	varchar(50) NULL,
	PROJECT_TYPE       	char(1) NULL,
	BYOUT_TYPE         	char(1) NULL,
	SPECIAL_REQ        	varchar(200) NULL,
	AREA_LINKID        	varchar(50) NULL,
	AREA_LINKMAN       	varchar(100) NULL,
	AREA_LINKTEL       	varchar(50) NULL,
	COMMON_NO          	varchar(200) NULL,
	REMARK             	varchar(500) NULL,
	STATUS             	char(1) NULL,
	CREATE_USER_ID     	varchar(50) NULL,
	CREATE_BY          	varchar(64) NULL,
	CREATE_TIME        	datetime NULL,
	CONSTRAINT PK_GZ_PROJECT_CONTRACT PRIMARY KEY CLUSTERED(CONTRACT_ID)
)
GO
CREATE TABLE GZ_SPECIAL_CONTRACT  ( 
	CONTRACT_ID  	varchar(32) NOT NULL,
	CONTRACT_CODE	varchar(64) NOT NULL,
	CONSTRAINT PK_GZ_SPECIAL_CONTRACT PRIMARY KEY CLUSTERED(CONTRACT_ID)
)
GO
CREATE TABLE GZ_SYS_CONFIG  ( 
	CONFIG_ID   	varchar(32) NOT NULL,
	CONFIG_NAME 	varchar(100) NULL,
	CONFIG_KEY  	varchar(100) NULL,
	CONFIG_VALUE	varchar(100) NULL,
	CONFIG_TYPE 	char(1) NULL CONSTRAINT DF__GZ_SYS_CO__CONFI__39DAD50D  DEFAULT ('N'),
	CREATE_BY   	varchar(64) NULL,
	CREATE_TIME 	datetime NULL,
	UPDATE_BY   	varchar(64) NULL,
	UPDATE_TIME 	datetime NULL,
	REMARK      	varchar(500) NULL,
	CONSTRAINT PK_GZ_SYS_CONFIG PRIMARY KEY CLUSTERED(CONFIG_ID)
)
GO
CREATE TABLE GZ_SYS_DICT_DATA  ( 
	DICT_CODE  	varchar(32) NOT NULL,
	DICT_SORT  	int NULL CONSTRAINT DF__GZ_SYS_DI__DICT___44586380  DEFAULT ('0'),
	DICT_LABEL 	varchar(100) NULL,
	DICT_VALUE 	varchar(100) NULL,
	DICT_TYPE  	varchar(100) NULL,
	CSS_CLASS  	varchar(100) NULL,
	LIST_CLASS 	varchar(100) NULL,
	IS_DEFAULT 	char(1) NULL CONSTRAINT DF__GZ_SYS_DI__IS_DE__454C87B9  DEFAULT ('N'),
	STATUS     	char(1) NULL CONSTRAINT DF__GZ_SYS_DI__STATU__4640ABF2  DEFAULT ('0'),
	CREATE_BY  	varchar(64) NULL,
	CREATE_TIME	datetime NULL,
	UPDATE_BY  	varchar(64) NULL,
	UPDATE_TIME	datetime NULL,
	REMARK     	varchar(500) NULL,
	CONSTRAINT PK_GZ_SYS_DICT_DATA PRIMARY KEY CLUSTERED(DICT_CODE)
)
GO
CREATE TABLE GZ_SYS_DICT_TYPE  ( 
	DICT_ID    	varchar(32) NOT NULL,
	DICT_NAME  	varchar(100) NULL,
	DICT_TYPE  	varchar(100) NULL,
	STATUS     	char(1) NULL CONSTRAINT DF__GZ_SYS_DI__STATU__3E9F8A2A  DEFAULT ('0'),
	CREATE_BY  	varchar(64) NULL,
	CREATE_TIME	datetime NULL,
	UPDATE_BY  	varchar(64) NULL,
	UPDATE_TIME	datetime NULL,
	REMARK     	varchar(500) NULL,
	CONSTRAINT PK_GZ_SYS_DICT_TYPE PRIMARY KEY CLUSTERED(DICT_ID)
)
GO
CREATE TABLE GZ_SYS_MENU  ( 
	MENU_ID    	varchar(32) NOT NULL,
	MENU_NAME  	varchar(50) NOT NULL,
	PARENT_ID  	varchar(32) NULL CONSTRAINT DF__GZ_SYS_ME__PAREN__2C80D9EF  DEFAULT ('0'),
	ORDER_NUM  	int NULL CONSTRAINT DF__GZ_SYS_ME__ORDER__2D74FE28  DEFAULT ('0'),
	URL        	varchar(200) NULL CONSTRAINT DF__GZ_SYS_MENU__URL__2E692261  DEFAULT ('#'),
	MENU_TYPE  	char(1) NULL,
	VISIBLE    	char(1) NULL CONSTRAINT DF__GZ_SYS_ME__VISIB__2F5D469A  DEFAULT ('0'),
	PERMS      	varchar(100) NOT NULL CONSTRAINT DF__GZ_SYS_ME__PERMS__30516AD3  DEFAULT (''),
	ICON       	varchar(100) NULL CONSTRAINT DF__GZ_SYS_MEN__ICON__31458F0C  DEFAULT ('#'),
	CREATE_BY  	varchar(64) NULL,
	CREATE_TIME	datetime NULL,
	UPDATE_BY  	varchar(64) NULL,
	UPDATE_TIME	datetime NULL,
	REMARK     	varchar(500) NULL,
	CONSTRAINT PK_GZ_SYS_MENU PRIMARY KEY CLUSTERED(MENU_ID)
)
GO
CREATE TABLE GZ_SYS_POST  ( 
	POST_ID    	varchar(32) NOT NULL,
	POST_CODE  	varchar(64) NOT NULL,
	POST_NAME  	varchar(50) NOT NULL,
	POST_SORT  	int NOT NULL,
	STATUS     	char(1) NOT NULL,
	CREATE_BY  	varchar(64) NULL,
	CREATE_TIME	datetime NULL,
	UPDATE_BY  	varchar(64) NULL,
	UPDATE_TIME	datetime NULL,
	REMARK     	varchar(500) NULL,
	CONSTRAINT PK_GZ_SYS_POST PRIMARY KEY CLUSTERED(POST_ID)
)
GO
CREATE TABLE GZ_SYS_ROLE  ( 
	ROLE_ID    	varchar(32) NOT NULL,
	ROLE_NAME  	varchar(30) NOT NULL,
	ROLE_KEY   	varchar(100) NOT NULL,
	ROLE_SORT  	int NOT NULL,
	DATA_SCOPE 	char(1) NULL CONSTRAINT DF__GZ_SYS_RO__DATA___22F76FB5  DEFAULT ('1'),
	STATUS     	char(1) NOT NULL,
	DEL_FLAG   	char(1) NULL CONSTRAINT DF__GZ_SYS_RO__DEL_F__23EB93EE  DEFAULT ('0'),
	CREATE_BY  	varchar(64) NULL,
	CREATE_TIME	datetime NULL,
	UPDATE_BY  	varchar(64) NULL,
	UPDATE_TIME	datetime NULL,
	REMARK     	varchar(500) NULL,
	CONSTRAINT PK_GZ_SYS_ROLE PRIMARY KEY CLUSTERED(ROLE_ID)
)
GO
CREATE TABLE GZ_SYS_ROLE_DEPT  ( 
	ROLE_ID	varchar(32) NOT NULL,
	DEPT_ID	varchar(32) NOT NULL,
	CONSTRAINT PK_GZ_SYS_ROLE_DEPT PRIMARY KEY CLUSTERED(ROLE_ID,DEPT_ID)
)
GO
CREATE TABLE GZ_SYS_ROLE_MENU  ( 
	ROLE_ID	varchar(32) NOT NULL,
	MENU_ID	varchar(32) NOT NULL,
	CONSTRAINT PK_GZ_SYS_ROLE_MENU PRIMARY KEY CLUSTERED(ROLE_ID,MENU_ID)
)
GO
CREATE TABLE GZ_SYS_USER_EXTEND  ( 
	USER_ID   	varchar(50) NOT NULL,
	LOGIN_IP  	varchar(200) NULL,
	LOGIN_DATE	datetime NULL,
	AVATAR    	varchar(100) NULL,
	PASSWORD  	varchar(50) NULL,
	SALT      	varchar(20) NULL,
	CONSTRAINT PK_GZ_SYS_USER_EXTEND PRIMARY KEY CLUSTERED(USER_ID)
)
GO
CREATE TABLE GZ_SYS_USER_POST  ( 
	USER_ID	varchar(32) NOT NULL,
	POST_ID	varchar(32) NOT NULL,
	CONSTRAINT PK_GZ_SYS_USER_POST PRIMARY KEY CLUSTERED(USER_ID,POST_ID)
)
GO
CREATE TABLE GZ_SYS_USER_ROLE  ( 
	USER_ID	varchar(50) NOT NULL,
	ROLE_ID	varchar(32) NOT NULL,
	CONSTRAINT PK_GZ_SYS_USER_ROLE PRIMARY KEY CLUSTERED(USER_ID,ROLE_ID)
)
GO

INSERT INTO GZ_CONTRACT_FILE(ID, CONTRACT_ID, FILE_NAME, ORIGINAL_FILE_NAME)
  VALUES('01E2D683EE714393BA2927FD801B0BF2', 'F1ACD5540AE74A5EBAA4734837E869C8', '0200585d5bdd3254e8009fbc49673960.txt', 'yunwei.txt')
GO
INSERT INTO GZ_CONTRACT_FILE(ID, CONTRACT_ID, FILE_NAME, ORIGINAL_FILE_NAME)
  VALUES('02945D212E144A99A5469E4415188E19', '2F565C2134CE4A1FBE34209C2D017263', '4ec098c022f3d99d3e8fbecb55e7e957.doc', '112920_398.doc')
GO
INSERT INTO GZ_CONTRACT_FILE(ID, CONTRACT_ID, FILE_NAME, ORIGINAL_FILE_NAME)
  VALUES('2EC5DEFE85F34236870C904455624E76', '8364CCC43B8E4732BC15B930A9108EE8', 'f24b676b350e7070a0bf9a2a59efd4b8.jpg', '1514601166904.jpg')
GO
INSERT INTO GZ_CONTRACT_FILE(ID, CONTRACT_ID, FILE_NAME, ORIGINAL_FILE_NAME)
  VALUES('4174180071AF49CD8922C879ECFADDBD', '2827706D57B547F9BC8B5C0EF06D9983', 'b04445c68bda7d967bae4d97f5d7e480.txt', 'LenovoHdReport.txt')
GO
INSERT INTO GZ_CONTRACT_FILE(ID, CONTRACT_ID, FILE_NAME, ORIGINAL_FILE_NAME)
  VALUES('45CD0A47E9F542D8AE0693155DED0D3F', 'C359AB21A65C4913A7C7A622C083F938', 'b68cebc232739da9e4f29b9e7018098f.png', 'add-to-basket.png')
GO
INSERT INTO GZ_CONTRACT_FILE(ID, CONTRACT_ID, FILE_NAME, ORIGINAL_FILE_NAME)
  VALUES('50B6B5DF1EFA430D9BEFE377300230CB', 'C359AB21A65C4913A7C7A622C083F938', '3b9c6ad36bca8890c5d6208ab777e42d.jpg', '1514601166904.jpg')
GO
INSERT INTO GZ_CONTRACT_FILE(ID, CONTRACT_ID, FILE_NAME, ORIGINAL_FILE_NAME)
  VALUES('5B529F3624EA4946BEC423FA6AA2E2E7', '8364CCC43B8E4732BC15B930A9108EE8', '44494bdb1f4bb237ac43c32187d02f85.doc', '112920_398.doc')
GO
INSERT INTO GZ_CONTRACT_FILE(ID, CONTRACT_ID, FILE_NAME, ORIGINAL_FILE_NAME)
  VALUES('727788E499C14472860226FFDDA30EC1', '35539B8E50D04EFCA2A818517D0B972C', '284f34fc0fd84b80e2128790c668dbc2.doc', '112920_398.doc')
GO
INSERT INTO GZ_CONTRACT_FILE(ID, CONTRACT_ID, FILE_NAME, ORIGINAL_FILE_NAME)
  VALUES('F1EBBA2598E34C26896EE93A3693A60E', 'E6EECFB67ECF40D7878BFDBB978A0B10', '3b203d0910334ded0d49408787669b60.pptx', '测试专用.pptx')
GO

INSERT INTO GZ_SYS_DICT_DATA(DICT_CODE, DICT_SORT, DICT_LABEL, DICT_VALUE, DICT_TYPE, CSS_CLASS, LIST_CLASS, IS_DEFAULT, STATUS, CREATE_BY, CREATE_TIME, UPDATE_BY, UPDATE_TIME, REMARK)
  VALUES('1', 1, '男', '0', 'sys_user_sex', '', '', 'Y', '0', 'admin', '20180316 11:33:00.0', 'ry', '20180316 11:33:00.0', '性别男')
GO
INSERT INTO GZ_SYS_DICT_DATA(DICT_CODE, DICT_SORT, DICT_LABEL, DICT_VALUE, DICT_TYPE, CSS_CLASS, LIST_CLASS, IS_DEFAULT, STATUS, CREATE_BY, CREATE_TIME, UPDATE_BY, UPDATE_TIME, REMARK)
  VALUES('10', 1, '是', 'Y', 'sys_yes_no', '', 'primary', 'Y', '0', 'admin', '20180316 11:33:00.0', 'ry', '20180316 11:33:00.0', '系统默认是')
GO
INSERT INTO GZ_SYS_DICT_DATA(DICT_CODE, DICT_SORT, DICT_LABEL, DICT_VALUE, DICT_TYPE, CSS_CLASS, LIST_CLASS, IS_DEFAULT, STATUS, CREATE_BY, CREATE_TIME, UPDATE_BY, UPDATE_TIME, REMARK)
  VALUES('10001', 1, '是', '1', 'common_yes_no', NULL, NULL, 'N', '0', 'admin', '20180316 11:33:00.0', 'ry', '20180316 11:33:00.0', NULL)
GO
INSERT INTO GZ_SYS_DICT_DATA(DICT_CODE, DICT_SORT, DICT_LABEL, DICT_VALUE, DICT_TYPE, CSS_CLASS, LIST_CLASS, IS_DEFAULT, STATUS, CREATE_BY, CREATE_TIME, UPDATE_BY, UPDATE_TIME, REMARK)
  VALUES('10002', 2, '否', '0', 'common_yes_no', NULL, NULL, 'N', '0', 'admin', '20180316 11:33:00.0', 'ry', '20180316 11:33:00.0', NULL)
GO
INSERT INTO GZ_SYS_DICT_DATA(DICT_CODE, DICT_SORT, DICT_LABEL, DICT_VALUE, DICT_TYPE, CSS_CLASS, LIST_CLASS, IS_DEFAULT, STATUS, CREATE_BY, CREATE_TIME, UPDATE_BY, UPDATE_TIME, REMARK)
  VALUES('10101', 1, '项目类型1', '1', 'contract_project_type', '', '', 'N', '0', 'admin', '20180316 11:33:00.0', 'ry', '20180316 11:33:00.0', NULL)
GO
INSERT INTO GZ_SYS_DICT_DATA(DICT_CODE, DICT_SORT, DICT_LABEL, DICT_VALUE, DICT_TYPE, CSS_CLASS, LIST_CLASS, IS_DEFAULT, STATUS, CREATE_BY, CREATE_TIME, UPDATE_BY, UPDATE_TIME, REMARK)
  VALUES('10102', 2, '项目类型2', '2', 'contract_project_type', '', '', 'N', '0', 'admin', '20180316 11:33:00.0', 'ry', '20180316 11:33:00.0', NULL)
GO
INSERT INTO GZ_SYS_DICT_DATA(DICT_CODE, DICT_SORT, DICT_LABEL, DICT_VALUE, DICT_TYPE, CSS_CLASS, LIST_CLASS, IS_DEFAULT, STATUS, CREATE_BY, CREATE_TIME, UPDATE_BY, UPDATE_TIME, REMARK)
  VALUES('10201', 1, '买断类型1', '1', 'contract_byout_type', '', '', 'N', '0', 'admin', '20180316 11:33:00.0', 'ry', '20180316 11:33:00.0', NULL)
GO
INSERT INTO GZ_SYS_DICT_DATA(DICT_CODE, DICT_SORT, DICT_LABEL, DICT_VALUE, DICT_TYPE, CSS_CLASS, LIST_CLASS, IS_DEFAULT, STATUS, CREATE_BY, CREATE_TIME, UPDATE_BY, UPDATE_TIME, REMARK)
  VALUES('10202', 2, '买断类型2', '2', 'contract_byout_type', '', '', 'N', '0', 'admin', '20180316 11:33:00.0', 'ry', '20180316 11:33:00.0', NULL)
GO
INSERT INTO GZ_SYS_DICT_DATA(DICT_CODE, DICT_SORT, DICT_LABEL, DICT_VALUE, DICT_TYPE, CSS_CLASS, LIST_CLASS, IS_DEFAULT, STATUS, CREATE_BY, CREATE_TIME, UPDATE_BY, UPDATE_TIME, REMARK)
  VALUES('10301', 1, '商用空调', '1', 'contract_brand_type', NULL, NULL, 'N', '0', 'admin', '20180316 11:33:00.0', 'ry', '20180316 11:33:00.0', NULL)
GO
INSERT INTO GZ_SYS_DICT_DATA(DICT_CODE, DICT_SORT, DICT_LABEL, DICT_VALUE, DICT_TYPE, CSS_CLASS, LIST_CLASS, IS_DEFAULT, STATUS, CREATE_BY, CREATE_TIME, UPDATE_BY, UPDATE_TIME, REMARK)
  VALUES('10302', 2, '中央空调', '2', 'contract_brand_type', NULL, NULL, 'N', '0', 'admin', '20180316 11:33:00.0', 'ry', '20180316 11:33:00.0', NULL)
GO
INSERT INTO GZ_SYS_DICT_DATA(DICT_CODE, DICT_SORT, DICT_LABEL, DICT_VALUE, DICT_TYPE, CSS_CLASS, LIST_CLASS, IS_DEFAULT, STATUS, CREATE_BY, CREATE_TIME, UPDATE_BY, UPDATE_TIME, REMARK)
  VALUES('10401', 1, '工程申报合同', '1', 'contract_contract_type', '', 'primary', 'N', '0', 'admin', '20180316 11:33:00.0', 'ry', '20180316 11:33:00.0', NULL)
GO
INSERT INTO GZ_SYS_DICT_DATA(DICT_CODE, DICT_SORT, DICT_LABEL, DICT_VALUE, DICT_TYPE, CSS_CLASS, LIST_CLASS, IS_DEFAULT, STATUS, CREATE_BY, CREATE_TIME, UPDATE_BY, UPDATE_TIME, REMARK)
  VALUES('10402', 2, '特批供价合同', '2', 'contract_contract_type', '', 'warning', 'N', '0', 'admin', '20180316 11:33:00.0', 'ry', '20180316 11:33:00.0', NULL)
GO
INSERT INTO GZ_SYS_DICT_DATA(DICT_CODE, DICT_SORT, DICT_LABEL, DICT_VALUE, DICT_TYPE, CSS_CLASS, LIST_CLASS, IS_DEFAULT, STATUS, CREATE_BY, CREATE_TIME, UPDATE_BY, UPDATE_TIME, REMARK)
  VALUES('11', 2, '否', 'N', 'sys_yes_no', '', 'danger', 'N', '0', 'admin', '20180316 11:33:00.0', 'ry', '20180316 11:33:00.0', '系统默认否')
GO
INSERT INTO GZ_SYS_DICT_DATA(DICT_CODE, DICT_SORT, DICT_LABEL, DICT_VALUE, DICT_TYPE, CSS_CLASS, LIST_CLASS, IS_DEFAULT, STATUS, CREATE_BY, CREATE_TIME, UPDATE_BY, UPDATE_TIME, REMARK)
  VALUES('12', 1, '通知', '1', 'sys_notice_type', '', 'warning', 'Y', '0', 'admin', '20180316 11:33:00.0', 'ry', '20180316 11:33:00.0', '通知')
GO
INSERT INTO GZ_SYS_DICT_DATA(DICT_CODE, DICT_SORT, DICT_LABEL, DICT_VALUE, DICT_TYPE, CSS_CLASS, LIST_CLASS, IS_DEFAULT, STATUS, CREATE_BY, CREATE_TIME, UPDATE_BY, UPDATE_TIME, REMARK)
  VALUES('13', 2, '公告', '2', 'sys_notice_type', '', 'success', 'N', '0', 'admin', '20180316 11:33:00.0', 'ry', '20180316 11:33:00.0', '公告')
GO
INSERT INTO GZ_SYS_DICT_DATA(DICT_CODE, DICT_SORT, DICT_LABEL, DICT_VALUE, DICT_TYPE, CSS_CLASS, LIST_CLASS, IS_DEFAULT, STATUS, CREATE_BY, CREATE_TIME, UPDATE_BY, UPDATE_TIME, REMARK)
  VALUES('14', 1, '正常', '0', 'sys_notice_status', '', 'primary', 'Y', '0', 'admin', '20180316 11:33:00.0', 'ry', '20180316 11:33:00.0', '正常状态')
GO
INSERT INTO GZ_SYS_DICT_DATA(DICT_CODE, DICT_SORT, DICT_LABEL, DICT_VALUE, DICT_TYPE, CSS_CLASS, LIST_CLASS, IS_DEFAULT, STATUS, CREATE_BY, CREATE_TIME, UPDATE_BY, UPDATE_TIME, REMARK)
  VALUES('15', 2, '关闭', '1', 'sys_notice_status', '', 'danger', 'N', '0', 'admin', '20180316 11:33:00.0', 'ry', '20180316 11:33:00.0', '关闭状态')
GO
INSERT INTO GZ_SYS_DICT_DATA(DICT_CODE, DICT_SORT, DICT_LABEL, DICT_VALUE, DICT_TYPE, CSS_CLASS, LIST_CLASS, IS_DEFAULT, STATUS, CREATE_BY, CREATE_TIME, UPDATE_BY, UPDATE_TIME, REMARK)
  VALUES('16', 1, '新增', '1', 'sys_oper_type', '', 'info', 'N', '0', 'admin', '20180316 11:33:00.0', 'ry', '20180316 11:33:00.0', '新增操作')
GO
INSERT INTO GZ_SYS_DICT_DATA(DICT_CODE, DICT_SORT, DICT_LABEL, DICT_VALUE, DICT_TYPE, CSS_CLASS, LIST_CLASS, IS_DEFAULT, STATUS, CREATE_BY, CREATE_TIME, UPDATE_BY, UPDATE_TIME, REMARK)
  VALUES('17', 2, '修改', '2', 'sys_oper_type', '', 'info', 'N', '0', 'admin', '20180316 11:33:00.0', 'ry', '20180316 11:33:00.0', '修改操作')
GO
INSERT INTO GZ_SYS_DICT_DATA(DICT_CODE, DICT_SORT, DICT_LABEL, DICT_VALUE, DICT_TYPE, CSS_CLASS, LIST_CLASS, IS_DEFAULT, STATUS, CREATE_BY, CREATE_TIME, UPDATE_BY, UPDATE_TIME, REMARK)
  VALUES('18', 3, '删除', '3', 'sys_oper_type', '', 'danger', 'N', '0', 'admin', '20180316 11:33:00.0', 'ry', '20180316 11:33:00.0', '删除操作')
GO
INSERT INTO GZ_SYS_DICT_DATA(DICT_CODE, DICT_SORT, DICT_LABEL, DICT_VALUE, DICT_TYPE, CSS_CLASS, LIST_CLASS, IS_DEFAULT, STATUS, CREATE_BY, CREATE_TIME, UPDATE_BY, UPDATE_TIME, REMARK)
  VALUES('19', 4, '授权', '4', 'sys_oper_type', '', 'primary', 'N', '0', 'admin', '20180316 11:33:00.0', 'ry', '20180316 11:33:00.0', '授权操作')
GO
INSERT INTO GZ_SYS_DICT_DATA(DICT_CODE, DICT_SORT, DICT_LABEL, DICT_VALUE, DICT_TYPE, CSS_CLASS, LIST_CLASS, IS_DEFAULT, STATUS, CREATE_BY, CREATE_TIME, UPDATE_BY, UPDATE_TIME, REMARK)
  VALUES('2', 2, '女', '1', 'sys_user_sex', '', '', 'N', '0', 'admin', '20180316 11:33:00.0', 'ry', '20180316 11:33:00.0', '性别女')
GO
INSERT INTO GZ_SYS_DICT_DATA(DICT_CODE, DICT_SORT, DICT_LABEL, DICT_VALUE, DICT_TYPE, CSS_CLASS, LIST_CLASS, IS_DEFAULT, STATUS, CREATE_BY, CREATE_TIME, UPDATE_BY, UPDATE_TIME, REMARK)
  VALUES('20', 5, '导出', '5', 'sys_oper_type', '', 'warning', 'N', '0', 'admin', '20180316 11:33:00.0', 'ry', '20180316 11:33:00.0', '导出操作')
GO
INSERT INTO GZ_SYS_DICT_DATA(DICT_CODE, DICT_SORT, DICT_LABEL, DICT_VALUE, DICT_TYPE, CSS_CLASS, LIST_CLASS, IS_DEFAULT, STATUS, CREATE_BY, CREATE_TIME, UPDATE_BY, UPDATE_TIME, REMARK)
  VALUES('20001', 1, '业务员填报', '1', 'contract_flow_activity', '', NULL, 'N', '0', 'admin', '20180316 11:33:00.0', 'ry', '20180316 11:33:00.0', NULL)
GO
INSERT INTO GZ_SYS_DICT_DATA(DICT_CODE, DICT_SORT, DICT_LABEL, DICT_VALUE, DICT_TYPE, CSS_CLASS, LIST_CLASS, IS_DEFAULT, STATUS, CREATE_BY, CREATE_TIME, UPDATE_BY, UPDATE_TIME, REMARK)
  VALUES('20002', 2, '区域经理审核', '2', 'contract_flow_activity', '', NULL, 'N', '0', 'admin', '20180316 11:33:00.0', 'ry', '20180316 11:33:00.0', NULL)
GO
INSERT INTO GZ_SYS_DICT_DATA(DICT_CODE, DICT_SORT, DICT_LABEL, DICT_VALUE, DICT_TYPE, CSS_CLASS, LIST_CLASS, IS_DEFAULT, STATUS, CREATE_BY, CREATE_TIME, UPDATE_BY, UPDATE_TIME, REMARK)
  VALUES('20003', 3, '主管领导审核', '3', 'contract_flow_activity', '', NULL, 'N', '0', 'admin', '20180316 11:33:00.0', 'ry', '20180316 11:33:00.0', NULL)
GO
INSERT INTO GZ_SYS_DICT_DATA(DICT_CODE, DICT_SORT, DICT_LABEL, DICT_VALUE, DICT_TYPE, CSS_CLASS, LIST_CLASS, IS_DEFAULT, STATUS, CREATE_BY, CREATE_TIME, UPDATE_BY, UPDATE_TIME, REMARK)
  VALUES('20004', 4, '集团领导审核', '4', 'contract_flow_activity', '', NULL, 'N', '0', 'admin', '20180316 11:33:00.0', 'ry', '20180316 11:33:00.0', NULL)
GO
INSERT INTO GZ_SYS_DICT_DATA(DICT_CODE, DICT_SORT, DICT_LABEL, DICT_VALUE, DICT_TYPE, CSS_CLASS, LIST_CLASS, IS_DEFAULT, STATUS, CREATE_BY, CREATE_TIME, UPDATE_BY, UPDATE_TIME, REMARK)
  VALUES('20101', 1, '待处理', '0', 'contract_flow_status', '', NULL, 'N', '0', 'admin', '20180316 11:33:00.0', 'ry', '20180316 11:33:00.0', NULL)
GO
INSERT INTO GZ_SYS_DICT_DATA(DICT_CODE, DICT_SORT, DICT_LABEL, DICT_VALUE, DICT_TYPE, CSS_CLASS, LIST_CLASS, IS_DEFAULT, STATUS, CREATE_BY, CREATE_TIME, UPDATE_BY, UPDATE_TIME, REMARK)
  VALUES('20102', 2, '已处理', '2', 'contract_flow_status', '', NULL, 'N', '0', 'admin', '20180316 11:33:00.0', 'ry', '20180316 11:33:00.0', NULL)
GO
INSERT INTO GZ_SYS_DICT_DATA(DICT_CODE, DICT_SORT, DICT_LABEL, DICT_VALUE, DICT_TYPE, CSS_CLASS, LIST_CLASS, IS_DEFAULT, STATUS, CREATE_BY, CREATE_TIME, UPDATE_BY, UPDATE_TIME, REMARK)
  VALUES('20103', 3, '已抄送', '9', 'contract_flow_status', '', NULL, 'N', '0', 'admin', '20180316 11:33:00.0', 'ry', '20180316 11:33:00.0', NULL)
GO
INSERT INTO GZ_SYS_DICT_DATA(DICT_CODE, DICT_SORT, DICT_LABEL, DICT_VALUE, DICT_TYPE, CSS_CLASS, LIST_CLASS, IS_DEFAULT, STATUS, CREATE_BY, CREATE_TIME, UPDATE_BY, UPDATE_TIME, REMARK)
  VALUES('21', 6, '导入', '6', 'sys_oper_type', '', 'warning', 'N', '0', 'admin', '20180316 11:33:00.0', 'ry', '20180316 11:33:00.0', '导入操作')
GO
INSERT INTO GZ_SYS_DICT_DATA(DICT_CODE, DICT_SORT, DICT_LABEL, DICT_VALUE, DICT_TYPE, CSS_CLASS, LIST_CLASS, IS_DEFAULT, STATUS, CREATE_BY, CREATE_TIME, UPDATE_BY, UPDATE_TIME, REMARK)
  VALUES('22', 7, '强退', '7', 'sys_oper_type', '', 'danger', 'N', '0', 'admin', '20180316 11:33:00.0', 'ry', '20180316 11:33:00.0', '强退操作')
GO
INSERT INTO GZ_SYS_DICT_DATA(DICT_CODE, DICT_SORT, DICT_LABEL, DICT_VALUE, DICT_TYPE, CSS_CLASS, LIST_CLASS, IS_DEFAULT, STATUS, CREATE_BY, CREATE_TIME, UPDATE_BY, UPDATE_TIME, REMARK)
  VALUES('23', 8, '生成代码', '8', 'sys_oper_type', '', 'warning', 'N', '0', 'admin', '20180316 11:33:00.0', 'ry', '20180316 11:33:00.0', '生成操作')
GO
INSERT INTO GZ_SYS_DICT_DATA(DICT_CODE, DICT_SORT, DICT_LABEL, DICT_VALUE, DICT_TYPE, CSS_CLASS, LIST_CLASS, IS_DEFAULT, STATUS, CREATE_BY, CREATE_TIME, UPDATE_BY, UPDATE_TIME, REMARK)
  VALUES('24', 8, '清空数据', '9', 'sys_oper_type', '', 'danger', 'N', '0', 'admin', '20180316 11:33:00.0', 'ry', '20180316 11:33:00.0', '清空操作')
GO
INSERT INTO GZ_SYS_DICT_DATA(DICT_CODE, DICT_SORT, DICT_LABEL, DICT_VALUE, DICT_TYPE, CSS_CLASS, LIST_CLASS, IS_DEFAULT, STATUS, CREATE_BY, CREATE_TIME, UPDATE_BY, UPDATE_TIME, REMARK)
  VALUES('25', 1, '成功', '0', 'sys_common_status', '', 'primary', 'N', '0', 'admin', '20180316 11:33:00.0', 'ry', '20180316 11:33:00.0', '正常状态')
GO
INSERT INTO GZ_SYS_DICT_DATA(DICT_CODE, DICT_SORT, DICT_LABEL, DICT_VALUE, DICT_TYPE, CSS_CLASS, LIST_CLASS, IS_DEFAULT, STATUS, CREATE_BY, CREATE_TIME, UPDATE_BY, UPDATE_TIME, REMARK)
  VALUES('26', 2, '失败', '1', 'sys_common_status', '', 'danger', 'N', '0', 'admin', '20180316 11:33:00.0', 'ry', '20180316 11:33:00.0', '停用状态')
GO
INSERT INTO GZ_SYS_DICT_DATA(DICT_CODE, DICT_SORT, DICT_LABEL, DICT_VALUE, DICT_TYPE, CSS_CLASS, LIST_CLASS, IS_DEFAULT, STATUS, CREATE_BY, CREATE_TIME, UPDATE_BY, UPDATE_TIME, REMARK)
  VALUES('3', 3, '未知', '2', 'sys_user_sex', '', '', 'N', '0', 'admin', '20180316 11:33:00.0', 'ry', '20180316 11:33:00.0', '性别未知')
GO
INSERT INTO GZ_SYS_DICT_DATA(DICT_CODE, DICT_SORT, DICT_LABEL, DICT_VALUE, DICT_TYPE, CSS_CLASS, LIST_CLASS, IS_DEFAULT, STATUS, CREATE_BY, CREATE_TIME, UPDATE_BY, UPDATE_TIME, REMARK)
  VALUES('4', 1, '显示', '0', 'sys_show_hide', '', 'primary', 'Y', '0', 'admin', '20180316 11:33:00.0', 'ry', '20180316 11:33:00.0', '显示菜单')
GO
INSERT INTO GZ_SYS_DICT_DATA(DICT_CODE, DICT_SORT, DICT_LABEL, DICT_VALUE, DICT_TYPE, CSS_CLASS, LIST_CLASS, IS_DEFAULT, STATUS, CREATE_BY, CREATE_TIME, UPDATE_BY, UPDATE_TIME, REMARK)
  VALUES('5', 2, '隐藏', '1', 'sys_show_hide', '', 'danger', 'N', '0', 'admin', '20180316 11:33:00.0', 'ry', '20180316 11:33:00.0', '隐藏菜单')
GO
INSERT INTO GZ_SYS_DICT_DATA(DICT_CODE, DICT_SORT, DICT_LABEL, DICT_VALUE, DICT_TYPE, CSS_CLASS, LIST_CLASS, IS_DEFAULT, STATUS, CREATE_BY, CREATE_TIME, UPDATE_BY, UPDATE_TIME, REMARK)
  VALUES('6', 1, '正常', '0', 'sys_normal_disable', '', 'primary', 'Y', '0', 'admin', '20180316 11:33:00.0', 'ry', '20180316 11:33:00.0', '正常状态')
GO
INSERT INTO GZ_SYS_DICT_DATA(DICT_CODE, DICT_SORT, DICT_LABEL, DICT_VALUE, DICT_TYPE, CSS_CLASS, LIST_CLASS, IS_DEFAULT, STATUS, CREATE_BY, CREATE_TIME, UPDATE_BY, UPDATE_TIME, REMARK)
  VALUES('7', 2, '停用', '1', 'sys_normal_disable', '', 'danger', 'N', '0', 'admin', '20180316 11:33:00.0', 'ry', '20180316 11:33:00.0', '停用状态')
GO
INSERT INTO GZ_SYS_DICT_DATA(DICT_CODE, DICT_SORT, DICT_LABEL, DICT_VALUE, DICT_TYPE, CSS_CLASS, LIST_CLASS, IS_DEFAULT, STATUS, CREATE_BY, CREATE_TIME, UPDATE_BY, UPDATE_TIME, REMARK)
  VALUES('8', 1, '正常', '0', 'sys_job_status', '', 'primary', 'Y', '0', 'admin', '20180316 11:33:00.0', 'ry', '20180316 11:33:00.0', '正常状态')
GO
INSERT INTO GZ_SYS_DICT_DATA(DICT_CODE, DICT_SORT, DICT_LABEL, DICT_VALUE, DICT_TYPE, CSS_CLASS, LIST_CLASS, IS_DEFAULT, STATUS, CREATE_BY, CREATE_TIME, UPDATE_BY, UPDATE_TIME, REMARK)
  VALUES('9', 2, '暂停', '1', 'sys_job_status', '', 'danger', 'N', '0', 'admin', '20180316 11:33:00.0', 'ry', '20180316 11:33:00.0', '停用状态')
GO
INSERT INTO GZ_SYS_DICT_TYPE(DICT_ID, DICT_NAME, DICT_TYPE, STATUS, CREATE_BY, CREATE_TIME, UPDATE_BY, UPDATE_TIME, REMARK)
  VALUES('1', '用户性别', 'sys_user_sex', '0', 'admin', '20180316 11:33:00.0', 'ry', '20180316 11:33:00.0', '用户性别列表')
GO
INSERT INTO GZ_SYS_DICT_TYPE(DICT_ID, DICT_NAME, DICT_TYPE, STATUS, CREATE_BY, CREATE_TIME, UPDATE_BY, UPDATE_TIME, REMARK)
  VALUES('100', '数字是否', 'common_yes_no', '0', 'admin', '20180316 11:33:00.0', 'ry', '20180316 11:33:00.0', NULL)
GO
INSERT INTO GZ_SYS_DICT_TYPE(DICT_ID, DICT_NAME, DICT_TYPE, STATUS, CREATE_BY, CREATE_TIME, UPDATE_BY, UPDATE_TIME, REMARK)
  VALUES('101', '项目类型', 'contract_project_type', '0', 'admin', '20180316 11:33:00.0', 'ry', '20180316 11:33:00.0', NULL)
GO
INSERT INTO GZ_SYS_DICT_TYPE(DICT_ID, DICT_NAME, DICT_TYPE, STATUS, CREATE_BY, CREATE_TIME, UPDATE_BY, UPDATE_TIME, REMARK)
  VALUES('102', '买断类型', 'contract_byout_type', '0', 'admin', '20180316 11:33:00.0', 'ry', '20180316 11:33:00.0', NULL)
GO
INSERT INTO GZ_SYS_DICT_TYPE(DICT_ID, DICT_NAME, DICT_TYPE, STATUS, CREATE_BY, CREATE_TIME, UPDATE_BY, UPDATE_TIME, REMARK)
  VALUES('103', '品类', 'contract_brand_type', '0', 'admin', '20180316 11:33:00.0', 'ry', '20180316 11:33:00.0', NULL)
GO
INSERT INTO GZ_SYS_DICT_TYPE(DICT_ID, DICT_NAME, DICT_TYPE, STATUS, CREATE_BY, CREATE_TIME, UPDATE_BY, UPDATE_TIME, REMARK)
  VALUES('104', '合同类型', 'contract_type', '0', 'admin', '20180316 11:33:00.0', 'ry', '20180316 11:33:00.0', NULL)
GO
INSERT INTO GZ_SYS_DICT_TYPE(DICT_ID, DICT_NAME, DICT_TYPE, STATUS, CREATE_BY, CREATE_TIME, UPDATE_BY, UPDATE_TIME, REMARK)
  VALUES('2', '菜单状态', 'sys_show_hide', '0', 'admin', '20180316 11:33:00.0', 'ry', '20180316 11:33:00.0', '菜单状态列表')
GO
INSERT INTO GZ_SYS_DICT_TYPE(DICT_ID, DICT_NAME, DICT_TYPE, STATUS, CREATE_BY, CREATE_TIME, UPDATE_BY, UPDATE_TIME, REMARK)
  VALUES('200', '流程环节', 'contract_flow_activity', '0', 'admin', '20180316 11:33:00.0', 'ry', '20180316 11:33:00.0', NULL)
GO
INSERT INTO GZ_SYS_DICT_TYPE(DICT_ID, DICT_NAME, DICT_TYPE, STATUS, CREATE_BY, CREATE_TIME, UPDATE_BY, UPDATE_TIME, REMARK)
  VALUES('201', '流程环节状态', 'contract_flow_status', '0', 'admin', '20180316 11:33:00.0', 'ry', '20180316 11:33:00.0', NULL)
GO
INSERT INTO GZ_SYS_DICT_TYPE(DICT_ID, DICT_NAME, DICT_TYPE, STATUS, CREATE_BY, CREATE_TIME, UPDATE_BY, UPDATE_TIME, REMARK)
  VALUES('3', '系统开关', 'sys_normal_disable', '0', 'admin', '20180316 11:33:00.0', 'ry', '20180316 11:33:00.0', '系统开关列表')
GO
INSERT INTO GZ_SYS_DICT_TYPE(DICT_ID, DICT_NAME, DICT_TYPE, STATUS, CREATE_BY, CREATE_TIME, UPDATE_BY, UPDATE_TIME, REMARK)
  VALUES('4', '任务状态', 'sys_job_status', '0', 'admin', '20180316 11:33:00.0', 'ry', '20180316 11:33:00.0', '任务状态列表')
GO
INSERT INTO GZ_SYS_DICT_TYPE(DICT_ID, DICT_NAME, DICT_TYPE, STATUS, CREATE_BY, CREATE_TIME, UPDATE_BY, UPDATE_TIME, REMARK)
  VALUES('5', '系统是否', 'sys_yes_no', '0', 'admin', '20180316 11:33:00.0', 'ry', '20180316 11:33:00.0', '系统是否列表')
GO
INSERT INTO GZ_SYS_DICT_TYPE(DICT_ID, DICT_NAME, DICT_TYPE, STATUS, CREATE_BY, CREATE_TIME, UPDATE_BY, UPDATE_TIME, REMARK)
  VALUES('6', '通知类型', 'sys_notice_type', '0', 'admin', '20180316 11:33:00.0', 'ry', '20180316 11:33:00.0', '通知类型列表')
GO
INSERT INTO GZ_SYS_DICT_TYPE(DICT_ID, DICT_NAME, DICT_TYPE, STATUS, CREATE_BY, CREATE_TIME, UPDATE_BY, UPDATE_TIME, REMARK)
  VALUES('7', '通知状态', 'sys_notice_status', '0', 'admin', '20180316 11:33:00.0', 'ry', '20180316 11:33:00.0', '通知状态列表')
GO
INSERT INTO GZ_SYS_DICT_TYPE(DICT_ID, DICT_NAME, DICT_TYPE, STATUS, CREATE_BY, CREATE_TIME, UPDATE_BY, UPDATE_TIME, REMARK)
  VALUES('8', '操作类型', 'sys_oper_type', '0', 'admin', '20180316 11:33:00.0', 'ry', '20180316 11:33:00.0', '操作类型列表')
GO
INSERT INTO GZ_SYS_DICT_TYPE(DICT_ID, DICT_NAME, DICT_TYPE, STATUS, CREATE_BY, CREATE_TIME, UPDATE_BY, UPDATE_TIME, REMARK)
  VALUES('9', '系统状态', 'sys_common_status', '0', 'admin', '20180316 11:33:00.0', 'ry', '20180316 11:33:00.0', '登录状态列表')
GO
INSERT INTO GZ_SYS_MENU(MENU_ID, MENU_NAME, PARENT_ID, ORDER_NUM, URL, MENU_TYPE, VISIBLE, PERMS, ICON, CREATE_BY, CREATE_TIME, UPDATE_BY, UPDATE_TIME, REMARK)
  VALUES('1', '系统管理', '0', 1, '#', 'M', '0', '', 'fa fa-gear', 'admin', '20180316 11:33:00.0', 'ry', '20180316 11:33:00.0', '系统管理目录')
GO
INSERT INTO GZ_SYS_MENU(MENU_ID, MENU_NAME, PARENT_ID, ORDER_NUM, URL, MENU_TYPE, VISIBLE, PERMS, ICON, CREATE_BY, CREATE_TIME, UPDATE_BY, UPDATE_TIME, REMARK)
  VALUES('100', '用户管理', '1', 1, '/system/user', 'C', '0', 'system:user:view', '#', 'admin', '20180316 11:33:00.0', 'ry', '20180316 11:33:00.0', '用户管理菜单')
GO
INSERT INTO GZ_SYS_MENU(MENU_ID, MENU_NAME, PARENT_ID, ORDER_NUM, URL, MENU_TYPE, VISIBLE, PERMS, ICON, CREATE_BY, CREATE_TIME, UPDATE_BY, UPDATE_TIME, REMARK)
  VALUES('1000', '用户查询', '100', 1, '#', 'F', '0', 'system:user:list', '#', 'admin', '20180316 11:33:00.0', 'ry', '20180316 11:33:00.0', '')
GO
INSERT INTO GZ_SYS_MENU(MENU_ID, MENU_NAME, PARENT_ID, ORDER_NUM, URL, MENU_TYPE, VISIBLE, PERMS, ICON, CREATE_BY, CREATE_TIME, UPDATE_BY, UPDATE_TIME, REMARK)
  VALUES('1001', '用户新增', '100', 2, '#', 'F', '0', 'system:user:add', '#', 'admin', '20180316 11:33:00.0', 'ry', '20180316 11:33:00.0', '')
GO
INSERT INTO GZ_SYS_MENU(MENU_ID, MENU_NAME, PARENT_ID, ORDER_NUM, URL, MENU_TYPE, VISIBLE, PERMS, ICON, CREATE_BY, CREATE_TIME, UPDATE_BY, UPDATE_TIME, REMARK)
  VALUES('1002', '用户修改', '100', 3, '#', 'F', '0', 'system:user:edit', '#', 'admin', '20180316 11:33:00.0', 'ry', '20180316 11:33:00.0', '')
GO
INSERT INTO GZ_SYS_MENU(MENU_ID, MENU_NAME, PARENT_ID, ORDER_NUM, URL, MENU_TYPE, VISIBLE, PERMS, ICON, CREATE_BY, CREATE_TIME, UPDATE_BY, UPDATE_TIME, REMARK)
  VALUES('1003', '用户删除', '100', 4, '#', 'F', '0', 'system:user:remove', '#', 'admin', '20180316 11:33:00.0', 'ry', '20180316 11:33:00.0', '')
GO
INSERT INTO GZ_SYS_MENU(MENU_ID, MENU_NAME, PARENT_ID, ORDER_NUM, URL, MENU_TYPE, VISIBLE, PERMS, ICON, CREATE_BY, CREATE_TIME, UPDATE_BY, UPDATE_TIME, REMARK)
  VALUES('1004', '用户导出', '100', 5, '#', 'F', '0', 'system:user:export', '#', 'admin', '20180316 11:33:00.0', 'ry', '20180316 11:33:00.0', '')
GO
INSERT INTO GZ_SYS_MENU(MENU_ID, MENU_NAME, PARENT_ID, ORDER_NUM, URL, MENU_TYPE, VISIBLE, PERMS, ICON, CREATE_BY, CREATE_TIME, UPDATE_BY, UPDATE_TIME, REMARK)
  VALUES('1005', '重置密码', '100', 6, '#', 'F', '0', 'system:user:resetPwd', '#', 'admin', '20180316 11:33:00.0', 'ry', '20180316 11:33:00.0', '')
GO
INSERT INTO GZ_SYS_MENU(MENU_ID, MENU_NAME, PARENT_ID, ORDER_NUM, URL, MENU_TYPE, VISIBLE, PERMS, ICON, CREATE_BY, CREATE_TIME, UPDATE_BY, UPDATE_TIME, REMARK)
  VALUES('1006', '角色查询', '101', 1, '#', 'F', '0', 'system:role:list', '#', 'admin', '20180316 11:33:00.0', 'ry', '20180316 11:33:00.0', '')
GO
INSERT INTO GZ_SYS_MENU(MENU_ID, MENU_NAME, PARENT_ID, ORDER_NUM, URL, MENU_TYPE, VISIBLE, PERMS, ICON, CREATE_BY, CREATE_TIME, UPDATE_BY, UPDATE_TIME, REMARK)
  VALUES('1007', '角色新增', '101', 2, '#', 'F', '0', 'system:role:add', '#', 'admin', '20180316 11:33:00.0', 'ry', '20180316 11:33:00.0', '')
GO
INSERT INTO GZ_SYS_MENU(MENU_ID, MENU_NAME, PARENT_ID, ORDER_NUM, URL, MENU_TYPE, VISIBLE, PERMS, ICON, CREATE_BY, CREATE_TIME, UPDATE_BY, UPDATE_TIME, REMARK)
  VALUES('1008', '角色修改', '101', 3, '#', 'F', '0', 'system:role:edit', '#', 'admin', '20180316 11:33:00.0', 'ry', '20180316 11:33:00.0', '')
GO
INSERT INTO GZ_SYS_MENU(MENU_ID, MENU_NAME, PARENT_ID, ORDER_NUM, URL, MENU_TYPE, VISIBLE, PERMS, ICON, CREATE_BY, CREATE_TIME, UPDATE_BY, UPDATE_TIME, REMARK)
  VALUES('1009', '角色删除', '101', 4, '#', 'F', '0', 'system:role:remove', '#', 'admin', '20180316 11:33:00.0', 'ry', '20180316 11:33:00.0', '')
GO
INSERT INTO GZ_SYS_MENU(MENU_ID, MENU_NAME, PARENT_ID, ORDER_NUM, URL, MENU_TYPE, VISIBLE, PERMS, ICON, CREATE_BY, CREATE_TIME, UPDATE_BY, UPDATE_TIME, REMARK)
  VALUES('101', '角色管理', '1', 2, '/system/role', 'C', '0', 'system:role:view', '#', 'admin', '20180316 11:33:00.0', 'ry', '20180316 11:33:00.0', '角色管理菜单')
GO
INSERT INTO GZ_SYS_MENU(MENU_ID, MENU_NAME, PARENT_ID, ORDER_NUM, URL, MENU_TYPE, VISIBLE, PERMS, ICON, CREATE_BY, CREATE_TIME, UPDATE_BY, UPDATE_TIME, REMARK)
  VALUES('1010', '角色导出', '101', 5, '#', 'F', '0', 'system:role:export', '#', 'admin', '20180316 11:33:00.0', 'ry', '20180316 11:33:00.0', '')
GO
INSERT INTO GZ_SYS_MENU(MENU_ID, MENU_NAME, PARENT_ID, ORDER_NUM, URL, MENU_TYPE, VISIBLE, PERMS, ICON, CREATE_BY, CREATE_TIME, UPDATE_BY, UPDATE_TIME, REMARK)
  VALUES('1011', '菜单查询', '102', 1, '#', 'F', '0', 'system:menu:list', '#', 'admin', '20180316 11:33:00.0', 'ry', '20180316 11:33:00.0', '')
GO
INSERT INTO GZ_SYS_MENU(MENU_ID, MENU_NAME, PARENT_ID, ORDER_NUM, URL, MENU_TYPE, VISIBLE, PERMS, ICON, CREATE_BY, CREATE_TIME, UPDATE_BY, UPDATE_TIME, REMARK)
  VALUES('1012', '菜单新增', '102', 2, '#', 'F', '0', 'system:menu:add', '#', 'admin', '20180316 11:33:00.0', 'ry', '20180316 11:33:00.0', '')
GO
INSERT INTO GZ_SYS_MENU(MENU_ID, MENU_NAME, PARENT_ID, ORDER_NUM, URL, MENU_TYPE, VISIBLE, PERMS, ICON, CREATE_BY, CREATE_TIME, UPDATE_BY, UPDATE_TIME, REMARK)
  VALUES('1013', '菜单修改', '102', 3, '#', 'F', '0', 'system:menu:edit', '#', 'admin', '20180316 11:33:00.0', 'ry', '20180316 11:33:00.0', '')
GO
INSERT INTO GZ_SYS_MENU(MENU_ID, MENU_NAME, PARENT_ID, ORDER_NUM, URL, MENU_TYPE, VISIBLE, PERMS, ICON, CREATE_BY, CREATE_TIME, UPDATE_BY, UPDATE_TIME, REMARK)
  VALUES('1014', '菜单删除', '102', 4, '#', 'F', '0', 'system:menu:remove', '#', 'admin', '20180316 11:33:00.0', 'ry', '20180316 11:33:00.0', '')
GO
INSERT INTO GZ_SYS_MENU(MENU_ID, MENU_NAME, PARENT_ID, ORDER_NUM, URL, MENU_TYPE, VISIBLE, PERMS, ICON, CREATE_BY, CREATE_TIME, UPDATE_BY, UPDATE_TIME, REMARK)
  VALUES('1015', '部门查询', '103', 1, '#', 'F', '0', 'system:dept:list', '#', 'admin', '20180316 11:33:00.0', 'ry', '20180316 11:33:00.0', '')
GO
INSERT INTO GZ_SYS_MENU(MENU_ID, MENU_NAME, PARENT_ID, ORDER_NUM, URL, MENU_TYPE, VISIBLE, PERMS, ICON, CREATE_BY, CREATE_TIME, UPDATE_BY, UPDATE_TIME, REMARK)
  VALUES('1016', '部门新增', '103', 2, '#', 'F', '0', 'system:dept:add', '#', 'admin', '20180316 11:33:00.0', 'ry', '20180316 11:33:00.0', '')
GO
INSERT INTO GZ_SYS_MENU(MENU_ID, MENU_NAME, PARENT_ID, ORDER_NUM, URL, MENU_TYPE, VISIBLE, PERMS, ICON, CREATE_BY, CREATE_TIME, UPDATE_BY, UPDATE_TIME, REMARK)
  VALUES('1017', '部门修改', '103', 3, '#', 'F', '0', 'system:dept:edit', '#', 'admin', '20180316 11:33:00.0', 'ry', '20180316 11:33:00.0', '')
GO
INSERT INTO GZ_SYS_MENU(MENU_ID, MENU_NAME, PARENT_ID, ORDER_NUM, URL, MENU_TYPE, VISIBLE, PERMS, ICON, CREATE_BY, CREATE_TIME, UPDATE_BY, UPDATE_TIME, REMARK)
  VALUES('1018', '部门删除', '103', 4, '#', 'F', '0', 'system:dept:remove', '#', 'admin', '20180316 11:33:00.0', 'ry', '20180316 11:33:00.0', '')
GO
INSERT INTO GZ_SYS_MENU(MENU_ID, MENU_NAME, PARENT_ID, ORDER_NUM, URL, MENU_TYPE, VISIBLE, PERMS, ICON, CREATE_BY, CREATE_TIME, UPDATE_BY, UPDATE_TIME, REMARK)
  VALUES('1019', '岗位查询', '104', 1, '#', 'F', '0', 'system:post:list', '#', 'admin', '20180316 11:33:00.0', 'ry', '20180316 11:33:00.0', '')
GO
INSERT INTO GZ_SYS_MENU(MENU_ID, MENU_NAME, PARENT_ID, ORDER_NUM, URL, MENU_TYPE, VISIBLE, PERMS, ICON, CREATE_BY, CREATE_TIME, UPDATE_BY, UPDATE_TIME, REMARK)
  VALUES('102', '菜单管理', '1', 3, '/system/menu', 'C', '0', 'system:menu:view', '#', 'admin', '20180316 11:33:00.0', 'ry', '20180316 11:33:00.0', '菜单管理菜单')
GO
INSERT INTO GZ_SYS_MENU(MENU_ID, MENU_NAME, PARENT_ID, ORDER_NUM, URL, MENU_TYPE, VISIBLE, PERMS, ICON, CREATE_BY, CREATE_TIME, UPDATE_BY, UPDATE_TIME, REMARK)
  VALUES('1020', '岗位新增', '104', 2, '#', 'F', '0', 'system:post:add', '#', 'admin', '20180316 11:33:00.0', 'ry', '20180316 11:33:00.0', '')
GO
INSERT INTO GZ_SYS_MENU(MENU_ID, MENU_NAME, PARENT_ID, ORDER_NUM, URL, MENU_TYPE, VISIBLE, PERMS, ICON, CREATE_BY, CREATE_TIME, UPDATE_BY, UPDATE_TIME, REMARK)
  VALUES('1021', '岗位修改', '104', 3, '#', 'F', '0', 'system:post:edit', '#', 'admin', '20180316 11:33:00.0', 'ry', '20180316 11:33:00.0', '')
GO
INSERT INTO GZ_SYS_MENU(MENU_ID, MENU_NAME, PARENT_ID, ORDER_NUM, URL, MENU_TYPE, VISIBLE, PERMS, ICON, CREATE_BY, CREATE_TIME, UPDATE_BY, UPDATE_TIME, REMARK)
  VALUES('1022', '岗位删除', '104', 4, '#', 'F', '0', 'system:post:remove', '#', 'admin', '20180316 11:33:00.0', 'ry', '20180316 11:33:00.0', '')
GO
INSERT INTO GZ_SYS_MENU(MENU_ID, MENU_NAME, PARENT_ID, ORDER_NUM, URL, MENU_TYPE, VISIBLE, PERMS, ICON, CREATE_BY, CREATE_TIME, UPDATE_BY, UPDATE_TIME, REMARK)
  VALUES('1023', '岗位导出', '104', 5, '#', 'F', '0', 'system:post:export', '#', 'admin', '20180316 11:33:00.0', 'ry', '20180316 11:33:00.0', '')
GO
INSERT INTO GZ_SYS_MENU(MENU_ID, MENU_NAME, PARENT_ID, ORDER_NUM, URL, MENU_TYPE, VISIBLE, PERMS, ICON, CREATE_BY, CREATE_TIME, UPDATE_BY, UPDATE_TIME, REMARK)
  VALUES('1024', '字典查询', '105', 1, '#', 'F', '0', 'system:dict:list', '#', 'admin', '20180316 11:33:00.0', 'ry', '20180316 11:33:00.0', '')
GO
INSERT INTO GZ_SYS_MENU(MENU_ID, MENU_NAME, PARENT_ID, ORDER_NUM, URL, MENU_TYPE, VISIBLE, PERMS, ICON, CREATE_BY, CREATE_TIME, UPDATE_BY, UPDATE_TIME, REMARK)
  VALUES('1025', '字典新增', '105', 2, '#', 'F', '0', 'system:dict:add', '#', 'admin', '20180316 11:33:00.0', 'ry', '20180316 11:33:00.0', '')
GO
INSERT INTO GZ_SYS_MENU(MENU_ID, MENU_NAME, PARENT_ID, ORDER_NUM, URL, MENU_TYPE, VISIBLE, PERMS, ICON, CREATE_BY, CREATE_TIME, UPDATE_BY, UPDATE_TIME, REMARK)
  VALUES('1026', '字典修改', '105', 3, '#', 'F', '0', 'system:dict:edit', '#', 'admin', '20180316 11:33:00.0', 'ry', '20180316 11:33:00.0', '')
GO
INSERT INTO GZ_SYS_MENU(MENU_ID, MENU_NAME, PARENT_ID, ORDER_NUM, URL, MENU_TYPE, VISIBLE, PERMS, ICON, CREATE_BY, CREATE_TIME, UPDATE_BY, UPDATE_TIME, REMARK)
  VALUES('1027', '字典删除', '105', 4, '#', 'F', '0', 'system:dict:remove', '#', 'admin', '20180316 11:33:00.0', 'ry', '20180316 11:33:00.0', '')
GO
INSERT INTO GZ_SYS_MENU(MENU_ID, MENU_NAME, PARENT_ID, ORDER_NUM, URL, MENU_TYPE, VISIBLE, PERMS, ICON, CREATE_BY, CREATE_TIME, UPDATE_BY, UPDATE_TIME, REMARK)
  VALUES('1028', '字典导出', '105', 5, '#', 'F', '0', 'system:dict:export', '#', 'admin', '20180316 11:33:00.0', 'ry', '20180316 11:33:00.0', '')
GO
INSERT INTO GZ_SYS_MENU(MENU_ID, MENU_NAME, PARENT_ID, ORDER_NUM, URL, MENU_TYPE, VISIBLE, PERMS, ICON, CREATE_BY, CREATE_TIME, UPDATE_BY, UPDATE_TIME, REMARK)
  VALUES('1029', '参数查询', '106', 1, '#', 'F', '0', 'system:config:list', '#', 'admin', '20180316 11:33:00.0', 'ry', '20180316 11:33:00.0', '')
GO
INSERT INTO GZ_SYS_MENU(MENU_ID, MENU_NAME, PARENT_ID, ORDER_NUM, URL, MENU_TYPE, VISIBLE, PERMS, ICON, CREATE_BY, CREATE_TIME, UPDATE_BY, UPDATE_TIME, REMARK)
  VALUES('103', '部门管理', '1', 4, '/system/dept', 'C', '0', 'system:dept:view', '#', 'admin', '20180316 11:33:00.0', 'ry', '20180316 11:33:00.0', '部门管理菜单')
GO
INSERT INTO GZ_SYS_MENU(MENU_ID, MENU_NAME, PARENT_ID, ORDER_NUM, URL, MENU_TYPE, VISIBLE, PERMS, ICON, CREATE_BY, CREATE_TIME, UPDATE_BY, UPDATE_TIME, REMARK)
  VALUES('1030', '参数新增', '106', 2, '#', 'F', '0', 'system:config:add', '#', 'admin', '20180316 11:33:00.0', 'ry', '20180316 11:33:00.0', '')
GO
INSERT INTO GZ_SYS_MENU(MENU_ID, MENU_NAME, PARENT_ID, ORDER_NUM, URL, MENU_TYPE, VISIBLE, PERMS, ICON, CREATE_BY, CREATE_TIME, UPDATE_BY, UPDATE_TIME, REMARK)
  VALUES('1031', '参数修改', '106', 3, '#', 'F', '0', 'system:config:edit', '#', 'admin', '20180316 11:33:00.0', 'ry', '20180316 11:33:00.0', '')
GO
INSERT INTO GZ_SYS_MENU(MENU_ID, MENU_NAME, PARENT_ID, ORDER_NUM, URL, MENU_TYPE, VISIBLE, PERMS, ICON, CREATE_BY, CREATE_TIME, UPDATE_BY, UPDATE_TIME, REMARK)
  VALUES('1032', '参数删除', '106', 4, '#', 'F', '0', 'system:config:remove', '#', 'admin', '20180316 11:33:00.0', 'ry', '20180316 11:33:00.0', '')
GO
INSERT INTO GZ_SYS_MENU(MENU_ID, MENU_NAME, PARENT_ID, ORDER_NUM, URL, MENU_TYPE, VISIBLE, PERMS, ICON, CREATE_BY, CREATE_TIME, UPDATE_BY, UPDATE_TIME, REMARK)
  VALUES('1033', '参数导出', '106', 5, '#', 'F', '0', 'system:config:export', '#', 'admin', '20180316 11:33:00.0', 'ry', '20180316 11:33:00.0', '')
GO
INSERT INTO GZ_SYS_MENU(MENU_ID, MENU_NAME, PARENT_ID, ORDER_NUM, URL, MENU_TYPE, VISIBLE, PERMS, ICON, CREATE_BY, CREATE_TIME, UPDATE_BY, UPDATE_TIME, REMARK)
  VALUES('1034', '公告查询', '107', 1, '#', 'F', '0', 'system:notice:list', '#', 'admin', '20180316 11:33:00.0', 'ry', '20180316 11:33:00.0', '')
GO
INSERT INTO GZ_SYS_MENU(MENU_ID, MENU_NAME, PARENT_ID, ORDER_NUM, URL, MENU_TYPE, VISIBLE, PERMS, ICON, CREATE_BY, CREATE_TIME, UPDATE_BY, UPDATE_TIME, REMARK)
  VALUES('1035', '公告新增', '107', 2, '#', 'F', '0', 'system:notice:add', '#', 'admin', '20180316 11:33:00.0', 'ry', '20180316 11:33:00.0', '')
GO
INSERT INTO GZ_SYS_MENU(MENU_ID, MENU_NAME, PARENT_ID, ORDER_NUM, URL, MENU_TYPE, VISIBLE, PERMS, ICON, CREATE_BY, CREATE_TIME, UPDATE_BY, UPDATE_TIME, REMARK)
  VALUES('1036', '公告修改', '107', 3, '#', 'F', '0', 'system:notice:edit', '#', 'admin', '20180316 11:33:00.0', 'ry', '20180316 11:33:00.0', '')
GO
INSERT INTO GZ_SYS_MENU(MENU_ID, MENU_NAME, PARENT_ID, ORDER_NUM, URL, MENU_TYPE, VISIBLE, PERMS, ICON, CREATE_BY, CREATE_TIME, UPDATE_BY, UPDATE_TIME, REMARK)
  VALUES('1037', '公告删除', '107', 4, '#', 'F', '0', 'system:notice:remove', '#', 'admin', '20180316 11:33:00.0', 'ry', '20180316 11:33:00.0', '')
GO
INSERT INTO GZ_SYS_MENU(MENU_ID, MENU_NAME, PARENT_ID, ORDER_NUM, URL, MENU_TYPE, VISIBLE, PERMS, ICON, CREATE_BY, CREATE_TIME, UPDATE_BY, UPDATE_TIME, REMARK)
  VALUES('1038', '操作查询', '500', 1, '#', 'F', '0', 'monitor:operlog:list', '#', 'admin', '20180316 11:33:00.0', 'ry', '20180316 11:33:00.0', '')
GO
INSERT INTO GZ_SYS_MENU(MENU_ID, MENU_NAME, PARENT_ID, ORDER_NUM, URL, MENU_TYPE, VISIBLE, PERMS, ICON, CREATE_BY, CREATE_TIME, UPDATE_BY, UPDATE_TIME, REMARK)
  VALUES('1039', '操作删除', '500', 2, '#', 'F', '0', 'monitor:operlog:remove', '#', 'admin', '20180316 11:33:00.0', 'ry', '20180316 11:33:00.0', '')
GO
INSERT INTO GZ_SYS_MENU(MENU_ID, MENU_NAME, PARENT_ID, ORDER_NUM, URL, MENU_TYPE, VISIBLE, PERMS, ICON, CREATE_BY, CREATE_TIME, UPDATE_BY, UPDATE_TIME, REMARK)
  VALUES('104', '岗位管理', '1', 5, '/system/post', 'C', '0', 'system:post:view', '#', 'admin', '20180316 11:33:00.0', 'ry', '20180316 11:33:00.0', '岗位管理菜单')
GO
INSERT INTO GZ_SYS_MENU(MENU_ID, MENU_NAME, PARENT_ID, ORDER_NUM, URL, MENU_TYPE, VISIBLE, PERMS, ICON, CREATE_BY, CREATE_TIME, UPDATE_BY, UPDATE_TIME, REMARK)
  VALUES('1040', '详细信息', '500', 3, '#', 'F', '0', 'monitor:operlog:detail', '#', 'admin', '20180316 11:33:00.0', 'ry', '20180316 11:33:00.0', '')
GO
INSERT INTO GZ_SYS_MENU(MENU_ID, MENU_NAME, PARENT_ID, ORDER_NUM, URL, MENU_TYPE, VISIBLE, PERMS, ICON, CREATE_BY, CREATE_TIME, UPDATE_BY, UPDATE_TIME, REMARK)
  VALUES('1041', '日志导出', '500', 4, '#', 'F', '0', 'monitor:operlog:export', '#', 'admin', '20180316 11:33:00.0', 'ry', '20180316 11:33:00.0', '')
GO
INSERT INTO GZ_SYS_MENU(MENU_ID, MENU_NAME, PARENT_ID, ORDER_NUM, URL, MENU_TYPE, VISIBLE, PERMS, ICON, CREATE_BY, CREATE_TIME, UPDATE_BY, UPDATE_TIME, REMARK)
  VALUES('1042', '登录查询', '501', 1, '#', 'F', '0', 'monitor:logininfor:list', '#', 'admin', '20180316 11:33:00.0', 'ry', '20180316 11:33:00.0', '')
GO
INSERT INTO GZ_SYS_MENU(MENU_ID, MENU_NAME, PARENT_ID, ORDER_NUM, URL, MENU_TYPE, VISIBLE, PERMS, ICON, CREATE_BY, CREATE_TIME, UPDATE_BY, UPDATE_TIME, REMARK)
  VALUES('1043', '登录删除', '501', 2, '#', 'F', '0', 'monitor:logininfor:remove', '#', 'admin', '20180316 11:33:00.0', 'ry', '20180316 11:33:00.0', '')
GO
INSERT INTO GZ_SYS_MENU(MENU_ID, MENU_NAME, PARENT_ID, ORDER_NUM, URL, MENU_TYPE, VISIBLE, PERMS, ICON, CREATE_BY, CREATE_TIME, UPDATE_BY, UPDATE_TIME, REMARK)
  VALUES('1044', '日志导出', '501', 3, '#', 'F', '0', 'monitor:logininfor:export', '#', 'admin', '20180316 11:33:00.0', 'ry', '20180316 11:33:00.0', '')
GO
INSERT INTO GZ_SYS_MENU(MENU_ID, MENU_NAME, PARENT_ID, ORDER_NUM, URL, MENU_TYPE, VISIBLE, PERMS, ICON, CREATE_BY, CREATE_TIME, UPDATE_BY, UPDATE_TIME, REMARK)
  VALUES('1045', '在线查询', '109', 1, '#', 'F', '0', 'monitor:online:list', '#', 'admin', '20180316 11:33:00.0', 'ry', '20180316 11:33:00.0', '')
GO
INSERT INTO GZ_SYS_MENU(MENU_ID, MENU_NAME, PARENT_ID, ORDER_NUM, URL, MENU_TYPE, VISIBLE, PERMS, ICON, CREATE_BY, CREATE_TIME, UPDATE_BY, UPDATE_TIME, REMARK)
  VALUES('1046', '批量强退', '109', 2, '#', 'F', '0', 'monitor:online:batchForceLogout', '#', 'admin', '20180316 11:33:00.0', 'ry', '20180316 11:33:00.0', '')
GO
INSERT INTO GZ_SYS_MENU(MENU_ID, MENU_NAME, PARENT_ID, ORDER_NUM, URL, MENU_TYPE, VISIBLE, PERMS, ICON, CREATE_BY, CREATE_TIME, UPDATE_BY, UPDATE_TIME, REMARK)
  VALUES('1047', '单条强退', '109', 3, '#', 'F', '0', 'monitor:online:forceLogout', '#', 'admin', '20180316 11:33:00.0', 'ry', '20180316 11:33:00.0', '')
GO
INSERT INTO GZ_SYS_MENU(MENU_ID, MENU_NAME, PARENT_ID, ORDER_NUM, URL, MENU_TYPE, VISIBLE, PERMS, ICON, CREATE_BY, CREATE_TIME, UPDATE_BY, UPDATE_TIME, REMARK)
  VALUES('1048', '任务查询', '110', 1, '#', 'F', '0', 'monitor:job:list', '#', 'admin', '20180316 11:33:00.0', 'ry', '20180316 11:33:00.0', '')
GO
INSERT INTO GZ_SYS_MENU(MENU_ID, MENU_NAME, PARENT_ID, ORDER_NUM, URL, MENU_TYPE, VISIBLE, PERMS, ICON, CREATE_BY, CREATE_TIME, UPDATE_BY, UPDATE_TIME, REMARK)
  VALUES('1049', '任务新增', '110', 2, '#', 'F', '0', 'monitor:job:add', '#', 'admin', '20180316 11:33:00.0', 'ry', '20180316 11:33:00.0', '')
GO
INSERT INTO GZ_SYS_MENU(MENU_ID, MENU_NAME, PARENT_ID, ORDER_NUM, URL, MENU_TYPE, VISIBLE, PERMS, ICON, CREATE_BY, CREATE_TIME, UPDATE_BY, UPDATE_TIME, REMARK)
  VALUES('105', '字典管理', '1', 6, '/system/dict', 'C', '0', 'system:dict:view', '#', 'admin', '20180316 11:33:00.0', 'ry', '20180316 11:33:00.0', '字典管理菜单')
GO
INSERT INTO GZ_SYS_MENU(MENU_ID, MENU_NAME, PARENT_ID, ORDER_NUM, URL, MENU_TYPE, VISIBLE, PERMS, ICON, CREATE_BY, CREATE_TIME, UPDATE_BY, UPDATE_TIME, REMARK)
  VALUES('1050', '任务修改', '110', 3, '#', 'F', '0', 'monitor:job:edit', '#', 'admin', '20180316 11:33:00.0', 'ry', '20180316 11:33:00.0', '')
GO
INSERT INTO GZ_SYS_MENU(MENU_ID, MENU_NAME, PARENT_ID, ORDER_NUM, URL, MENU_TYPE, VISIBLE, PERMS, ICON, CREATE_BY, CREATE_TIME, UPDATE_BY, UPDATE_TIME, REMARK)
  VALUES('1051', '任务删除', '110', 4, '#', 'F', '0', 'monitor:job:remove', '#', 'admin', '20180316 11:33:00.0', 'ry', '20180316 11:33:00.0', '')
GO
INSERT INTO GZ_SYS_MENU(MENU_ID, MENU_NAME, PARENT_ID, ORDER_NUM, URL, MENU_TYPE, VISIBLE, PERMS, ICON, CREATE_BY, CREATE_TIME, UPDATE_BY, UPDATE_TIME, REMARK)
  VALUES('1052', '状态修改', '110', 5, '#', 'F', '0', 'monitor:job:changeStatus', '#', 'admin', '20180316 11:33:00.0', 'ry', '20180316 11:33:00.0', '')
GO
INSERT INTO GZ_SYS_MENU(MENU_ID, MENU_NAME, PARENT_ID, ORDER_NUM, URL, MENU_TYPE, VISIBLE, PERMS, ICON, CREATE_BY, CREATE_TIME, UPDATE_BY, UPDATE_TIME, REMARK)
  VALUES('1053', '任务详细', '110', 6, '#', 'F', '0', 'monitor:job:detail', '#', 'admin', '20180316 11:33:00.0', 'ry', '20180316 11:33:00.0', '')
GO
INSERT INTO GZ_SYS_MENU(MENU_ID, MENU_NAME, PARENT_ID, ORDER_NUM, URL, MENU_TYPE, VISIBLE, PERMS, ICON, CREATE_BY, CREATE_TIME, UPDATE_BY, UPDATE_TIME, REMARK)
  VALUES('1054', '任务导出', '110', 7, '#', 'F', '0', 'monitor:job:export', '#', 'admin', '20180316 11:33:00.0', 'ry', '20180316 11:33:00.0', '')
GO
INSERT INTO GZ_SYS_MENU(MENU_ID, MENU_NAME, PARENT_ID, ORDER_NUM, URL, MENU_TYPE, VISIBLE, PERMS, ICON, CREATE_BY, CREATE_TIME, UPDATE_BY, UPDATE_TIME, REMARK)
  VALUES('1055', '生成查询', '114', 1, '#', 'F', '0', 'tool:gen:list', '#', 'admin', '20180316 11:33:00.0', 'ry', '20180316 11:33:00.0', '')
GO
INSERT INTO GZ_SYS_MENU(MENU_ID, MENU_NAME, PARENT_ID, ORDER_NUM, URL, MENU_TYPE, VISIBLE, PERMS, ICON, CREATE_BY, CREATE_TIME, UPDATE_BY, UPDATE_TIME, REMARK)
  VALUES('106', '参数设置', '1', 7, '/system/config', 'C', '0', 'system:config:view', '#', 'admin', '20180316 11:33:00.0', 'ry', '20180316 11:33:00.0', '参数设置菜单')
GO
INSERT INTO GZ_SYS_MENU(MENU_ID, MENU_NAME, PARENT_ID, ORDER_NUM, URL, MENU_TYPE, VISIBLE, PERMS, ICON, CREATE_BY, CREATE_TIME, UPDATE_BY, UPDATE_TIME, REMARK)
  VALUES('107', '通知公告', '1', 8, '/system/notice', 'C', '0', 'system:notice:view', '#', 'admin', '20180316 11:33:00.0', 'ry', '20180316 11:33:00.0', '通知公告菜单')
GO
INSERT INTO GZ_SYS_MENU(MENU_ID, MENU_NAME, PARENT_ID, ORDER_NUM, URL, MENU_TYPE, VISIBLE, PERMS, ICON, CREATE_BY, CREATE_TIME, UPDATE_BY, UPDATE_TIME, REMARK)
  VALUES('108', '日志管理', '1', 9, '#', 'M', '0', '', '#', 'admin', '20180316 11:33:00.0', 'ry', '20180316 11:33:00.0', '日志管理菜单')
GO
INSERT INTO GZ_SYS_MENU(MENU_ID, MENU_NAME, PARENT_ID, ORDER_NUM, URL, MENU_TYPE, VISIBLE, PERMS, ICON, CREATE_BY, CREATE_TIME, UPDATE_BY, UPDATE_TIME, REMARK)
  VALUES('109', '在线用户', '2', 1, '/monitor/online', 'C', '0', 'monitor:online:view', '#', 'admin', '20180316 11:33:00.0', 'ry', '20180316 11:33:00.0', '在线用户菜单')
GO
INSERT INTO GZ_SYS_MENU(MENU_ID, MENU_NAME, PARENT_ID, ORDER_NUM, URL, MENU_TYPE, VISIBLE, PERMS, ICON, CREATE_BY, CREATE_TIME, UPDATE_BY, UPDATE_TIME, REMARK)
  VALUES('110', '定时任务', '2', 2, '/monitor/job', 'C', '0', 'monitor:job:view', '#', 'admin', '20180316 11:33:00.0', 'ry', '20180316 11:33:00.0', '定时任务菜单')
GO
INSERT INTO GZ_SYS_MENU(MENU_ID, MENU_NAME, PARENT_ID, ORDER_NUM, URL, MENU_TYPE, VISIBLE, PERMS, ICON, CREATE_BY, CREATE_TIME, UPDATE_BY, UPDATE_TIME, REMARK)
  VALUES('111', '数据监控', '2', 3, '/monitor/data', 'C', '0', 'monitor:data:view', '#', 'admin', '20180316 11:33:00.0', 'ry', '20180316 11:33:00.0', '数据监控菜单')
GO
INSERT INTO GZ_SYS_MENU(MENU_ID, MENU_NAME, PARENT_ID, ORDER_NUM, URL, MENU_TYPE, VISIBLE, PERMS, ICON, CREATE_BY, CREATE_TIME, UPDATE_BY, UPDATE_TIME, REMARK)
  VALUES('1111', '角色数据权限', '101', 6, '#', 'F', '0', 'system:role:authrange', '#', '00000', '20181221 11:43:25.673', NULL, NULL, NULL)
GO
INSERT INTO GZ_SYS_MENU(MENU_ID, MENU_NAME, PARENT_ID, ORDER_NUM, URL, MENU_TYPE, VISIBLE, PERMS, ICON, CREATE_BY, CREATE_TIME, UPDATE_BY, UPDATE_TIME, REMARK)
  VALUES('112', '服务监控', '2', 3, '/monitor/server', 'C', '0', 'monitor:server:view', '#', 'admin', '20180316 11:33:00.0', 'ry', '20180316 11:33:00.0', '服务监控菜单')
GO
INSERT INTO GZ_SYS_MENU(MENU_ID, MENU_NAME, PARENT_ID, ORDER_NUM, URL, MENU_TYPE, VISIBLE, PERMS, ICON, CREATE_BY, CREATE_TIME, UPDATE_BY, UPDATE_TIME, REMARK)
  VALUES('113', '表单构建', '3', 1, '/tool/build', 'C', '0', 'tool:build:view', '#', 'admin', '20180316 11:33:00.0', 'ry', '20180316 11:33:00.0', '表单构建菜单')
GO
INSERT INTO GZ_SYS_MENU(MENU_ID, MENU_NAME, PARENT_ID, ORDER_NUM, URL, MENU_TYPE, VISIBLE, PERMS, ICON, CREATE_BY, CREATE_TIME, UPDATE_BY, UPDATE_TIME, REMARK)
  VALUES('114', '代码生成', '3', 2, '/tool/gen', 'C', '0', 'tool:gen:view', '#', 'admin', '20180316 11:33:00.0', 'ry', '20180316 11:33:00.0', '代码生成菜单')
GO
INSERT INTO GZ_SYS_MENU(MENU_ID, MENU_NAME, PARENT_ID, ORDER_NUM, URL, MENU_TYPE, VISIBLE, PERMS, ICON, CREATE_BY, CREATE_TIME, UPDATE_BY, UPDATE_TIME, REMARK)
  VALUES('115', '系统接口', '3', 3, '/tool/swagger', 'C', '0', 'tool:swagger:view', '#', 'admin', '20180316 11:33:00.0', 'ry', '20180316 11:33:00.0', '系统接口菜单')
GO
INSERT INTO GZ_SYS_MENU(MENU_ID, MENU_NAME, PARENT_ID, ORDER_NUM, URL, MENU_TYPE, VISIBLE, PERMS, ICON, CREATE_BY, CREATE_TIME, UPDATE_BY, UPDATE_TIME, REMARK)
  VALUES('2', '系统监控', '0', 2, '#', 'M', '0', '', 'fa fa-video-camera', 'admin', '20180316 11:33:00.0', 'ry', '20180316 11:33:00.0', '系统监控目录')
GO
INSERT INTO GZ_SYS_MENU(MENU_ID, MENU_NAME, PARENT_ID, ORDER_NUM, URL, MENU_TYPE, VISIBLE, PERMS, ICON, CREATE_BY, CREATE_TIME, UPDATE_BY, UPDATE_TIME, REMARK)
  VALUES('3', '系统工具', '0', 3, '#', 'M', '0', '', 'fa fa-bars', 'admin', '20180316 11:33:00.0', 'ry', '20180316 11:33:00.0', '系统工具目录')
GO
INSERT INTO GZ_SYS_MENU(MENU_ID, MENU_NAME, PARENT_ID, ORDER_NUM, URL, MENU_TYPE, VISIBLE, PERMS, ICON, CREATE_BY, CREATE_TIME, UPDATE_BY, UPDATE_TIME, REMARK)
  VALUES('4', '合同管理', '0', 5, '#', 'M', '0', '', 'fa fa-balance-scale', '00000', '20181221 12:26:47.090', '00000', '20181226 09:43:55.400', NULL)
GO
INSERT INTO GZ_SYS_MENU(MENU_ID, MENU_NAME, PARENT_ID, ORDER_NUM, URL, MENU_TYPE, VISIBLE, PERMS, ICON, CREATE_BY, CREATE_TIME, UPDATE_BY, UPDATE_TIME, REMARK)
  VALUES('4001', '工程合同申报', '4', 1, '/oa/contract/project', 'C', '0', 'contract:project:create', '#', '00000', '20181221 12:28:02.587', NULL, NULL, NULL)
GO
INSERT INTO GZ_SYS_MENU(MENU_ID, MENU_NAME, PARENT_ID, ORDER_NUM, URL, MENU_TYPE, VISIBLE, PERMS, ICON, CREATE_BY, CREATE_TIME, UPDATE_BY, UPDATE_TIME, REMARK)
  VALUES('4002', '特批供价合同', '4', 2, '/oa/contract/special', 'C', '0', 'contract:special:create', '#', '00000', '20181221 12:28:29.667', NULL, NULL, NULL)
GO
INSERT INTO GZ_SYS_MENU(MENU_ID, MENU_NAME, PARENT_ID, ORDER_NUM, URL, MENU_TYPE, VISIBLE, PERMS, ICON, CREATE_BY, CREATE_TIME, UPDATE_BY, UPDATE_TIME, REMARK)
  VALUES('4003', '我的待审合同', '4', 3, '/oa/contract/approve', 'C', '0', 'contract:approve', '#', '00000', '20181222 09:16:17.767', NULL, NULL, '4003')
GO
INSERT INTO GZ_SYS_MENU(MENU_ID, MENU_NAME, PARENT_ID, ORDER_NUM, URL, MENU_TYPE, VISIBLE, PERMS, ICON, CREATE_BY, CREATE_TIME, UPDATE_BY, UPDATE_TIME, REMARK)
  VALUES('4004', '我的知晓合同', '4', 3, '/oa/contract/inform', 'C', '0', 'contract:inform', '#', '00000', '20181222 09:16:17.0', '', '19000101 00:00:00.0', '4003')
GO
INSERT INTO GZ_SYS_MENU(MENU_ID, MENU_NAME, PARENT_ID, ORDER_NUM, URL, MENU_TYPE, VISIBLE, PERMS, ICON, CREATE_BY, CREATE_TIME, UPDATE_BY, UPDATE_TIME, REMARK)
  VALUES('4005', '合同清单统计', '4', 3, '/oa/contract/statistics', 'C', '0', 'contract:statistics', '#', '00000', '20181222 09:16:17.0', '', '19000101 00:00:00.0', '4003')
GO
INSERT INTO GZ_SYS_MENU(MENU_ID, MENU_NAME, PARENT_ID, ORDER_NUM, URL, MENU_TYPE, VISIBLE, PERMS, ICON, CREATE_BY, CREATE_TIME, UPDATE_BY, UPDATE_TIME, REMARK)
  VALUES('500', '操作日志', '108', 1, '/monitor/operlog', 'C', '0', 'monitor:operlog:view', '#', 'admin', '20180316 11:33:00.0', 'ry', '20180316 11:33:00.0', '操作日志菜单')
GO
INSERT INTO GZ_SYS_MENU(MENU_ID, MENU_NAME, PARENT_ID, ORDER_NUM, URL, MENU_TYPE, VISIBLE, PERMS, ICON, CREATE_BY, CREATE_TIME, UPDATE_BY, UPDATE_TIME, REMARK)
  VALUES('501', '登录日志', '108', 2, '/monitor/logininfor', 'C', '0', 'monitor:logininfor:view', '#', 'admin', '20180316 11:33:00.0', 'ry', '20180316 11:33:00.0', '登录日志菜单')
GO
INSERT INTO GZ_SYS_MENU(MENU_ID, MENU_NAME, PARENT_ID, ORDER_NUM, URL, MENU_TYPE, VISIBLE, PERMS, ICON, CREATE_BY, CREATE_TIME, UPDATE_BY, UPDATE_TIME, REMARK)
  VALUES('6D8B0616A0CF4A71A7097AAC248B10AB', '客户资料', 'A7EA4A0CBC2048A99AD2C82E0F0D2F00', 1, '/oa/customer/list', 'C', '0', 'customer:list', '#', '00000', '20181226 09:47:08.883', NULL, NULL, NULL)
GO
INSERT INTO GZ_SYS_MENU(MENU_ID, MENU_NAME, PARENT_ID, ORDER_NUM, URL, MENU_TYPE, VISIBLE, PERMS, ICON, CREATE_BY, CREATE_TIME, UPDATE_BY, UPDATE_TIME, REMARK)
  VALUES('A7EA4A0CBC2048A99AD2C82E0F0D2F00', '客户管理', '0', 4, '#', 'M', '0', '', 'fa fa-american-sign-language-interpreting', '00000', '20181226 09:44:38.607', '00000', '20181226 09:49:21.510', NULL)
GO
INSERT INTO GZ_SYS_ROLE(ROLE_ID, ROLE_NAME, ROLE_KEY, ROLE_SORT, DATA_SCOPE, STATUS, DEL_FLAG, CREATE_BY, CREATE_TIME, UPDATE_BY, UPDATE_TIME, REMARK)
  VALUES('1', '管理员', 'admin', 1, '1', '0', '0', 'admin', '20180316 11:33:00.0', '00000', '20181226 09:50:33.393', '管理员')
GO
INSERT INTO GZ_SYS_ROLE(ROLE_ID, ROLE_NAME, ROLE_KEY, ROLE_SORT, DATA_SCOPE, STATUS, DEL_FLAG, CREATE_BY, CREATE_TIME, UPDATE_BY, UPDATE_TIME, REMARK)
  VALUES('2', '业务人员', 'common', 2, '2', '0', '0', 'admin', '20180316 11:33:00.0', 'admin', '20181226 15:53:22.090', '普通角色')
GO
INSERT INTO GZ_SYS_ROLE(ROLE_ID, ROLE_NAME, ROLE_KEY, ROLE_SORT, DATA_SCOPE, STATUS, DEL_FLAG, CREATE_BY, CREATE_TIME, UPDATE_BY, UPDATE_TIME, REMARK)
  VALUES('2818CA70F825451EA7730106C2BE8198', '区域经理审核', 'area_manager', 3, '1', '0', '0', 'admin', '20181226 11:42:36.353', 'admin', '20181226 15:53:33.887', NULL)
GO
INSERT INTO GZ_SYS_ROLE(ROLE_ID, ROLE_NAME, ROLE_KEY, ROLE_SORT, DATA_SCOPE, STATUS, DEL_FLAG, CREATE_BY, CREATE_TIME, UPDATE_BY, UPDATE_TIME, REMARK)
  VALUES('5C2EC88D3F524613B8063E36EADEDDE8', '主管领导审核', 'branch_manager', 4, '1', '0', '0', 'admin', '20181226 11:43:56.593', 'admin', '20181226 15:53:43.270', NULL)
GO
INSERT INTO GZ_SYS_ROLE(ROLE_ID, ROLE_NAME, ROLE_KEY, ROLE_SORT, DATA_SCOPE, STATUS, DEL_FLAG, CREATE_BY, CREATE_TIME, UPDATE_BY, UPDATE_TIME, REMARK)
  VALUES('9153A0864AB9452CB24FBB966CB563B3', '集团领导审核', 'company_manager', 5, '1', '0', '0', 'admin', '20181226 11:44:25.467', 'admin', '20181228 09:54:05.207', NULL)
GO
INSERT INTO GZ_SYS_ROLE_MENU(ROLE_ID, MENU_ID)
  VALUES('1', '1')
GO
INSERT INTO GZ_SYS_ROLE_MENU(ROLE_ID, MENU_ID)
  VALUES('1', '100')
GO
INSERT INTO GZ_SYS_ROLE_MENU(ROLE_ID, MENU_ID)
  VALUES('1', '1000')
GO
INSERT INTO GZ_SYS_ROLE_MENU(ROLE_ID, MENU_ID)
  VALUES('1', '1005')
GO
INSERT INTO GZ_SYS_ROLE_MENU(ROLE_ID, MENU_ID)
  VALUES('1', '1006')
GO
INSERT INTO GZ_SYS_ROLE_MENU(ROLE_ID, MENU_ID)
  VALUES('1', '1007')
GO
INSERT INTO GZ_SYS_ROLE_MENU(ROLE_ID, MENU_ID)
  VALUES('1', '1008')
GO
INSERT INTO GZ_SYS_ROLE_MENU(ROLE_ID, MENU_ID)
  VALUES('1', '1009')
GO
INSERT INTO GZ_SYS_ROLE_MENU(ROLE_ID, MENU_ID)
  VALUES('1', '101')
GO
INSERT INTO GZ_SYS_ROLE_MENU(ROLE_ID, MENU_ID)
  VALUES('1', '1015')
GO
INSERT INTO GZ_SYS_ROLE_MENU(ROLE_ID, MENU_ID)
  VALUES('1', '103')
GO
INSERT INTO GZ_SYS_ROLE_MENU(ROLE_ID, MENU_ID)
  VALUES('1', '4')
GO
INSERT INTO GZ_SYS_ROLE_MENU(ROLE_ID, MENU_ID)
  VALUES('1', '4001')
GO
INSERT INTO GZ_SYS_ROLE_MENU(ROLE_ID, MENU_ID)
  VALUES('1', '4002')
GO
INSERT INTO GZ_SYS_ROLE_MENU(ROLE_ID, MENU_ID)
  VALUES('1', '4003')
GO
INSERT INTO GZ_SYS_ROLE_MENU(ROLE_ID, MENU_ID)
  VALUES('1', '4004')
GO
INSERT INTO GZ_SYS_ROLE_MENU(ROLE_ID, MENU_ID)
  VALUES('1', '4005')
GO
INSERT INTO GZ_SYS_ROLE_MENU(ROLE_ID, MENU_ID)
  VALUES('1', '6D8B0616A0CF4A71A7097AAC248B10AB')
GO
INSERT INTO GZ_SYS_ROLE_MENU(ROLE_ID, MENU_ID)
  VALUES('1', 'A7EA4A0CBC2048A99AD2C82E0F0D2F00')
GO
INSERT INTO GZ_SYS_ROLE_MENU(ROLE_ID, MENU_ID)
  VALUES('2', '4')
GO
INSERT INTO GZ_SYS_ROLE_MENU(ROLE_ID, MENU_ID)
  VALUES('2', '4001')
GO
INSERT INTO GZ_SYS_ROLE_MENU(ROLE_ID, MENU_ID)
  VALUES('2', '4002')
GO
INSERT INTO GZ_SYS_ROLE_MENU(ROLE_ID, MENU_ID)
  VALUES('2', '4003')
GO
INSERT INTO GZ_SYS_ROLE_MENU(ROLE_ID, MENU_ID)
  VALUES('2', '4005')
GO
INSERT INTO GZ_SYS_ROLE_MENU(ROLE_ID, MENU_ID)
  VALUES('2818CA70F825451EA7730106C2BE8198', '4')
GO
INSERT INTO GZ_SYS_ROLE_MENU(ROLE_ID, MENU_ID)
  VALUES('2818CA70F825451EA7730106C2BE8198', '4003')
GO
INSERT INTO GZ_SYS_ROLE_MENU(ROLE_ID, MENU_ID)
  VALUES('2818CA70F825451EA7730106C2BE8198', '4004')
GO
INSERT INTO GZ_SYS_ROLE_MENU(ROLE_ID, MENU_ID)
  VALUES('2818CA70F825451EA7730106C2BE8198', '4005')
GO
INSERT INTO GZ_SYS_ROLE_MENU(ROLE_ID, MENU_ID)
  VALUES('5C2EC88D3F524613B8063E36EADEDDE8', '4')
GO
INSERT INTO GZ_SYS_ROLE_MENU(ROLE_ID, MENU_ID)
  VALUES('5C2EC88D3F524613B8063E36EADEDDE8', '4003')
GO
INSERT INTO GZ_SYS_ROLE_MENU(ROLE_ID, MENU_ID)
  VALUES('5C2EC88D3F524613B8063E36EADEDDE8', '4004')
GO
INSERT INTO GZ_SYS_ROLE_MENU(ROLE_ID, MENU_ID)
  VALUES('5C2EC88D3F524613B8063E36EADEDDE8', '4005')
GO
INSERT INTO GZ_SYS_ROLE_MENU(ROLE_ID, MENU_ID)
  VALUES('9153A0864AB9452CB24FBB966CB563B3', '4')
GO
INSERT INTO GZ_SYS_ROLE_MENU(ROLE_ID, MENU_ID)
  VALUES('9153A0864AB9452CB24FBB966CB563B3', '4001')
GO
INSERT INTO GZ_SYS_ROLE_MENU(ROLE_ID, MENU_ID)
  VALUES('9153A0864AB9452CB24FBB966CB563B3', '4002')
GO
INSERT INTO GZ_SYS_ROLE_MENU(ROLE_ID, MENU_ID)
  VALUES('9153A0864AB9452CB24FBB966CB563B3', '4003')
GO
INSERT INTO GZ_SYS_ROLE_MENU(ROLE_ID, MENU_ID)
  VALUES('9153A0864AB9452CB24FBB966CB563B3', '4004')
GO
INSERT INTO GZ_SYS_ROLE_MENU(ROLE_ID, MENU_ID)
  VALUES('9153A0864AB9452CB24FBB966CB563B3', '4005')
GO
INSERT INTO GZ_SYS_ROLE_MENU(ROLE_ID, MENU_ID)
  VALUES('9153A0864AB9452CB24FBB966CB563B3', '6D8B0616A0CF4A71A7097AAC248B10AB')
GO
INSERT INTO GZ_SYS_ROLE_MENU(ROLE_ID, MENU_ID)
  VALUES('9153A0864AB9452CB24FBB966CB563B3', 'A7EA4A0CBC2048A99AD2C82E0F0D2F00')
GO
INSERT INTO GZ_SYS_USER_EXTEND(USER_ID, LOGIN_IP, LOGIN_DATE, AVATAR, PASSWORD, SALT)
  VALUES('00000', '61.170.218.248', '20181226 13:38:56.827', '', '93584a7b4cbe6ddfc4911f8019a61871', '111111')
GO
INSERT INTO GZ_SYS_USER_EXTEND(USER_ID, LOGIN_IP, LOGIN_DATE, AVATAR, PASSWORD, SALT)
  VALUES('00001', '61.170.218.248', '20181228 17:17:03.117', '', '29c67a30398638269fe600f73a054934', '111111')
GO
INSERT INTO GZ_SYS_USER_EXTEND(USER_ID, LOGIN_IP, LOGIN_DATE, AVATAR, PASSWORD, SALT)
  VALUES('0000100044', '112.10.190.172', '20181228 17:14:19.760', NULL, '7ce8b9182c8e3c2fc6bab962bbc4efdc', '99e2c0')
GO
INSERT INTO GZ_SYS_USER_EXTEND(USER_ID, LOGIN_IP, LOGIN_DATE, AVATAR, PASSWORD, SALT)
  VALUES('0000100045', '112.10.190.172', '20181228 17:17:20.710', NULL, '4c12b3e2581819b2d2c4afc54a6fa9b7', 'c5501a')
GO
INSERT INTO GZ_SYS_USER_EXTEND(USER_ID, LOGIN_IP, LOGIN_DATE, AVATAR, PASSWORD, SALT)
  VALUES('0000100046', '0:0:0:0:0:0:0:1', '20181228 16:05:59.510', NULL, '47a3d2875cb1931ab02db4e2a12f087c', '8005a5')
GO
INSERT INTO GZ_SYS_USER_EXTEND(USER_ID, LOGIN_IP, LOGIN_DATE, AVATAR, PASSWORD, SALT)
  VALUES('0000100047', '0:0:0:0:0:0:0:1', '20181228 16:06:27.887', NULL, 'b70e09f51305acfadfeab51f84badea4', 'f78059')
GO
INSERT INTO GZ_SYS_USER_ROLE(USER_ID, ROLE_ID)
  VALUES('00001', '1')
GO
INSERT INTO GZ_SYS_USER_ROLE(USER_ID, ROLE_ID)
  VALUES('0000100044', '2')
GO
INSERT INTO GZ_SYS_USER_ROLE(USER_ID, ROLE_ID)
  VALUES('0000100045', '2818CA70F825451EA7730106C2BE8198')
GO
INSERT INTO GZ_SYS_USER_ROLE(USER_ID, ROLE_ID)
  VALUES('0000100046', '5C2EC88D3F524613B8063E36EADEDDE8')
GO
INSERT INTO GZ_SYS_USER_ROLE(USER_ID, ROLE_ID)
  VALUES('0000100047', '9153A0864AB9452CB24FBB966CB563B3')
GO
ALTER TABLE GZ_SYS_DICT_TYPE
	ADD CONSTRAINT DICT_TYPE
	UNIQUE (DICT_TYPE)
GO
